theme,name,sample_n,sample_rule_include,sample_borderline,q_rule_precision_used,precision_est,global_2015-19_raw,global_2015-19_adj,global_2015-19_per10k_ss,global_2020-26_raw,global_2020-26_adj,global_2020-26_per10k_ss,global_growth_ratio,SA_2015-19_raw,SA_2015-19_adj,SA_2015-19_per10k_ss,SA_2020-26_raw,SA_2020-26_adj,SA_2020-26_per10k_ss,SA_growth_ratio,2026_global_raw_partial
A1,"Urban governance, decentralisation & municipal finance",40,17,6,0.809,0.406,7489,3041,3.12,19570,7947,5.09,1.63,725,294,16.11,1960,796,17.81,1.11,3250
A2,"Planning, master plans & land-use regulation",40,25,4,0.809,0.547,5441,2977,3.06,14157,7746,4.96,1.62,223,122,6.68,951,520,11.64,1.74,2607
A3,"Housing, informality & slums",40,19,12,0.809,0.509,14671,7464,7.66,28664,14583,9.34,1.22,2507,1275,69.8,4567,2324,51.99,0.74,4012
A4,"Eviction, resettlement & displacement",40,22,7,0.809,0.518,1997,1034,1.06,4796,2482,1.59,1.5,248,128,7.02,560,290,6.49,0.92,691
A5,"Land, peri-urban & extended urbanisation",40,13,6,0.809,0.325,8487,2760,2.83,21084,6856,4.39,1.55,995,324,17.71,2542,827,18.49,1.04,4305
A6,"Small towns, census towns & secondary cities",40,11,9,0.809,0.316,2328,735,0.75,5748,1816,1.16,1.55,215,68,3.72,477,151,3.37,0.91,989
A7,"Urban infrastructure (water, sanitation, energy) & infrastructural citizenship",40,19,2,0.809,0.405,3767,1526,1.57,10091,4087,2.62,1.67,603,244,13.37,1571,636,14.24,1.07,2083
A8,Mobility & transport (social science),40,27,5,0.809,0.598,1924,1150,1.18,6064,3626,2.32,1.97,225,135,7.36,674,403,9.02,1.23,1166
A9,"Public space, publicness & the street",40,18,5,0.809,0.416,6701,2787,2.86,16570,6892,4.41,1.54,255,106,5.8,765,318,7.12,1.23,2600
A10,"Urban economy, informal work & street vending",40,21,12,0.809,0.549,2442,1341,1.38,6301,3461,2.22,1.61,354,194,10.64,1081,594,13.28,1.25,969
A11,Migration & the city,40,27,8,0.809,0.629,2315,1456,1.49,4515,2840,1.82,1.22,276,174,9.5,784,493,11.04,1.16,597
A12,"Gender, caste, class & the city",40,27,7,0.809,0.619,1657,1025,1.05,3844,2378,1.52,1.45,711,440,24.07,2027,1254,28.06,1.17,652
A13,"Heritage, mega-events & ""world-class"" city making",40,23,3,0.809,0.496,3762,1867,1.92,7532,3738,2.39,1.24,222,110,6.03,429,213,4.76,0.79,1227
A14,"Urban environment, climate & risk",40,23,8,0.809,0.548,2767,1517,1.56,12218,6698,4.29,2.75,186,102,5.58,1063,583,13.04,2.34,2786
A15,"Urban & planning theory, Southern urbanism",40,16,3,0.809,0.355,786,279,0.29,1415,502,0.32,1.1,35,12,0.68,99,35,0.79,1.16,273
A16,Night-time city & urban time,40,15,5,0.809,0.355,1754,623,0.64,3904,1387,0.89,1.39,80,28,1.56,277,98,2.2,1.41,545
B1,Platforms & platform capitalism,40,15,10,0.883,0.435,717,312,0.32,14348,6240,4.0,12.5,19,8,0.45,923,401,8.98,19.96,4887
B2,"Datafication, data justice & data colonialism",40,16,6,0.883,0.415,555,231,0.24,4587,1906,1.22,5.08,6,2,0.14,170,71,1.58,11.29,1092
B3,Surveillance studies,40,18,12,0.883,0.522,1200,626,0.64,3271,1707,1.09,1.7,44,23,1.26,394,206,4.6,3.65,664
B4,Algorithmic governance & AI in the public sector,40,25,6,0.883,0.614,447,275,0.28,9790,6013,3.85,13.75,6,4,0.2,635,390,8.73,43.65,3831
B5,Digital identity & digital public infrastructure (DPI),40,11,11,0.883,0.357,549,196,0.2,2799,999,0.64,3.2,221,79,4.32,1103,394,8.81,2.04,924
B6,Digital finance & payments,40,29,8,0.883,0.723,2820,2040,2.09,29600,21409,13.71,6.56,1033,747,40.89,5947,4301,96.24,2.35,8995
B7,Digital divides & digital inclusion,40,14,16,0.883,0.475,3390,1611,1.65,31163,14805,9.48,5.75,207,98,5.38,3756,1784,39.93,7.42,9532
B8,"Social media, digital publics & political communication",40,29,2,0.883,0.661,3195,2112,2.17,11941,7893,5.05,2.33,176,116,6.37,1059,700,15.66,2.46,2384
B9,Misinformation & extreme speech,40,17,12,0.883,0.5,6964,3481,3.57,59696,29838,19.11,5.35,164,82,4.49,2823,1411,31.57,7.03,11315
B10,"Cybercrime, fraud & cybersecurity (social science)",40,23,15,0.883,0.663,4735,3141,3.22,32174,21345,13.67,4.25,218,145,7.91,2224,1475,33.01,4.17,8724
B11,Digital labour,40,27,8,0.883,0.679,1069,726,0.75,9537,6477,4.15,5.53,21,14,0.78,912,619,13.86,17.77,2448
B12,Infrastructure studies & STS of digital systems,40,13,7,0.883,0.36,358,129,0.13,2757,992,0.63,4.85,14,5,0.28,180,65,1.45,5.18,894
B13,Mobile phones & everyday digital life,40,13,6,0.883,0.349,5300,1851,1.9,12395,4329,2.77,1.46,944,330,18.04,2872,1003,22.44,1.24,1861
B14,Generative AI & society,40,23,12,0.883,0.632,31,20,0.02,61291,38754,24.82,1241.0,0,0,0.0,1343,849,19.0,,28713
C1,Smart cities & smart urbanism,40,18,9,0.743,0.428,2782,1189,1.22,12673,5418,3.47,2.84,234,100,5.48,894,382,8.55,1.56,2637
C2,Platform urbanism,40,12,10,0.743,0.327,212,69,0.07,2374,775,0.5,7.14,12,4,0.21,242,79,1.77,8.43,700
C3,Digital geographies & code/space,40,11,8,0.743,0.287,430,124,0.13,627,180,0.12,0.92,6,2,0.09,11,3,0.07,0.78,87
C4,Urban informatics & urban computing,40,20,6,0.743,0.434,847,367,0.38,3257,1412,0.9,2.37,17,7,0.4,86,37,0.83,2.07,601
C5,Urban data governance & data justice in cities,40,10,15,0.743,0.341,233,80,0.08,1414,483,0.31,3.88,7,2,0.13,79,27,0.6,4.62,542
C6,"Urban surveillance, policing & biometrics in public space",40,10,8,0.743,0.269,831,223,0.23,3460,930,0.6,2.61,29,8,0.43,269,72,1.62,3.77,754
C7,"Algorithmic & automated urban governance, municipal AI / GenAI",40,19,4,0.743,0.394,102,40,0.04,2435,960,0.61,15.25,35,14,0.76,201,79,1.77,2.33,964
C8,City-level DPI & urban e-government,40,24,11,0.743,0.56,804,450,0.46,2927,1638,1.05,2.28,70,39,2.14,229,128,2.87,1.34,637
C9,"Digital mobility (ride-hailing, MaaS, digital ticketing, transit apps)",40,19,6,0.743,0.415,962,399,0.41,5355,2222,1.42,3.46,17,7,0.39,221,92,2.05,5.26,942
C10,"Proptech, housing platforms & short-term rentals",40,26,7,0.743,0.555,1419,788,0.81,4040,2243,1.44,1.78,17,9,0.52,70,39,0.87,1.67,503
C11,"Digital payments in urban economies (QR, UPI, mobile money)",40,12,5,0.743,0.275,1036,285,0.29,5136,1411,0.9,3.1,130,36,1.95,1854,509,11.39,5.84,1610
C12,"Civic tech, e-participation & digital urban publics",40,12,8,0.743,0.306,293,90,0.09,956,292,0.19,2.11,4,1,0.07,59,18,0.4,5.71,226
C13,"Digital twins, simulation & visual rendering of cities",40,22,14,0.743,0.554,483,267,0.27,4694,2599,1.66,6.15,7,4,0.21,104,58,1.29,6.14,1527
C14,"Digital informality (informal settlements, vendors & digital systems)",40,11,20,0.743,0.412,157,65,0.07,1164,479,0.31,4.43,45,19,1.01,336,138,3.1,3.07,339
C15,Gig work in the city (urban and spatial focus),40,11,8,0.743,0.287,139,40,0.04,3043,874,0.56,14.0,9,3,0.14,432,124,2.78,19.86,767
C16,"Digital heritage, mapping & representation of cities",40,18,5,0.743,0.386,280,108,0.11,1152,445,0.28,2.55,11,4,0.23,53,20,0.46,2.0,292
C17,Urban cybersecurity & cyber-physical infrastructure,40,12,12,0.743,0.347,244,85,0.09,3406,1183,0.76,8.44,9,3,0.17,253,88,1.97,11.59,1071
C18,"Neighbourhood platforms & digital public space (WhatsApp, Nextdoor, RWA groups)",40,4,2,0.743,0.095,545,52,0.05,5524,525,0.34,6.8,43,4,0.22,538,51,1.14,5.18,1101
