group,records_n,method_known_n,claims_allowed (known >= 50),qualitative_pct_of_known,quantitative_pct_of_known,mixed_pct_of_known,review_pct_of_known,conceptual_pct_of_known,computational_pct_of_known
A1,170,90,Y,17.8,15.6,3.3,4.4,52.2,6.7
A2,153,75,Y,26.7,16.0,9.3,4.0,36.0,8.0
A3,171,94,Y,36.2,13.8,12.8,2.1,31.9,3.2
A4,158,98,Y,28.6,12.2,7.1,3.1,49.0,0.0
A5,164,90,Y,27.8,18.9,10.0,4.4,30.0,8.9
A6,156,80,Y,23.8,20.0,15.0,2.5,31.2,7.5
A7,149,86,Y,38.4,8.1,9.3,7.0,36.0,1.2
A8,195,113,Y,29.2,12.4,18.6,7.1,26.5,6.2
A9,211,155,Y,35.5,4.5,11.0,6.5,38.7,3.9
A10,162,108,Y,24.1,13.0,26.9,3.7,32.4,0.0
A11,165,94,Y,25.5,34.0,12.8,3.2,21.3,3.2
A12,162,103,Y,35.0,19.4,11.7,1.0,31.1,1.9
A13,182,102,Y,38.2,14.7,14.7,2.0,30.4,0.0
A14,188,105,Y,16.2,11.4,9.5,13.3,40.0,9.5
A15,155,128,Y,29.7,0.0,0.8,1.6,67.2,0.8
A16,131,72,Y,44.4,13.9,9.7,5.6,22.2,4.2
B1,167,110,Y,30.0,6.4,1.8,1.8,55.5,4.5
B2,158,101,Y,33.7,5.0,6.9,0.0,42.6,11.9
B3,146,95,Y,24.2,5.3,7.4,2.1,56.8,4.2
B4,184,115,Y,14.8,8.7,7.0,7.8,40.9,20.9
B5,197,114,Y,35.1,13.2,6.1,3.5,41.2,0.9
B6,187,106,Y,10.4,50.9,8.5,7.5,20.8,1.9
B7,177,96,Y,12.5,36.5,17.7,3.1,28.1,2.1
B8,217,152,Y,27.6,23.0,9.2,5.3,27.6,7.2
B9,179,107,Y,15.9,18.7,10.3,5.6,29.0,20.6
B10,170,96,Y,17.7,25.0,4.2,8.3,39.6,5.2
B11,196,131,Y,30.5,10.7,15.3,4.6,34.4,4.6
B12,146,108,Y,45.4,2.8,10.2,5.6,32.4,3.7
B13,150,98,Y,22.4,35.7,13.3,3.1,21.4,4.1
B14,153,116,Y,11.2,20.7,6.0,13.8,26.7,21.6
C1,194,111,Y,31.5,16.2,8.1,10.8,26.1,7.2
C2,181,126,Y,29.4,16.7,9.5,5.6,34.9,4.0
C3,88,60,Y,26.7,6.7,6.7,3.3,43.3,13.3
C4,121,78,Y,10.3,6.4,9.0,10.3,24.4,39.7
C5,114,79,Y,31.6,8.9,19.0,10.1,26.6,3.8
C6,110,73,Y,30.1,17.8,4.1,5.5,28.8,13.7
C7,118,92,Y,12.0,14.1,12.0,17.4,27.2,17.4
C8,121,74,Y,27.0,27.0,16.2,10.8,14.9,4.1
C9,111,49,N,18.4,36.7,12.2,6.1,22.4,4.1
C10,144,89,Y,30.3,27.0,12.4,3.4,18.0,9.0
C11,98,71,Y,16.9,39.4,23.9,2.8,12.7,4.2
C12,92,71,Y,22.5,15.5,14.1,9.9,32.4,5.6
C13,152,112,Y,7.1,9.8,2.7,12.5,20.5,47.3
C14,94,68,Y,23.5,30.9,19.1,0.0,20.6,5.9
C15,85,69,Y,46.4,26.1,11.6,0.0,13.0,2.9
C16,126,91,Y,23.1,9.9,13.2,1.1,20.9,31.9
C17,114,77,Y,22.1,15.6,6.5,7.8,28.6,19.5
C18,58,39,N,41.0,10.3,15.4,2.6,25.6,5.1
ALL,7220,4567,Y,26.1,16.6,10.6,5.6,32.5,8.6
A,2672,1593,Y,29.8,13.5,11.4,4.5,36.8,3.9
B,2427,1545,Y,23.9,18.5,8.9,5.2,35.2,8.2
C,2121,1429,Y,24.4,18.0,11.5,7.1,24.6,14.4
IN,1903,1225,Y,32.1,15.3,13.6,4.5,28.1,6.4
IN_A,792,463,Y,35.9,9.7,13.0,3.7,33.3,4.5
IN_B,616,405,Y,31.1,14.1,12.1,4.7,32.6,5.4
IN_C,495,357,Y,28.3,24.1,16.0,5.3,16.2,10.1
GN_A,328,237,Y,32.1,18.1,5.9,1.3,38.8,3.8
GN_B,232,179,Y,26.8,26.3,10.1,2.8,28.5,5.6
GN_C,324,255,Y,32.9,17.3,7.8,3.9,24.7,13.3
