openalex_id,theme,reason,title,year,type,abstract
W7162869078,A8,core concept mentioned once,"The Political Economy of Sustainable Mobility: A Comparative Analysis of State Capacity and SDG 11 in Lahore and Karachi, Pakistan",2026,article,"This paper addressed the politics of sustainable urban mobility by taking two cities, Lahore and Karachi, and discussed how differences in state capacity influence the implementation of Sustainable Development Goal (11) in Pakistan. The results show a clear difference in development patterns. In Lahore centralized and integrated governance system allows quick implementation of large-scale transport projects, eventually increasing urban accessibility and supporting SDG 11.2 indicators. In contrast, the fragmented institutional structure of Karachi, including overlapping jurisdictions, and political conflicts, limits proper policy implementation, resulting in delays and unequal service provision despite the introduction of technologically advanced and environmentally friendly transport solutions aligned with SDG 11.6. The paper is based on two broad theoretical foundations: state capacity "
W4404731590,A8,flag: \b(patients?|clinical|randomi[sz]ed|prev,"Between resilience and risk: Women negotiating safety and access to public transport infrastructures in Dhaka, Bangladesh",2024,dissertation,"This thesis is concerned with women’s equitable access to public transport in Dhaka (Bangladesh), and how their everyday experiences of navigating patriarchal urban spaces impact on their access, experiences, and negotiation of transport spaces. Transport studies and gendered mobilities research clearly demonstrate how transport and economic inequalities manifest in social exclusion for low-income women. Moreover, the prevalence of sexual harassment in public transport spaces further contributes to a climate of fear, significantly restricting women's access to education, employment, and social life. In growing recognition of these concerns, there have been attempts to design and implement safety interventions by governments and development practitioners alike. But to what extent these interventions have improved safety or accessibility for women remains ambiguous. It also raises many imp"
W2901362936,A8,stub abstract (possible book review),India: Delhi's auto-rickshaw drivers are caught in a hard grind – South Asia Citizens Web,2020,article,"CM Sheila Dixshit's promise to scrap auto-rickshaws shocked Delhi‘s auto-drivers and commuters. Autowallahs “harass” passengers, she complained and many are plying the streets “illegally”. With the…"
W2791551619,A8,flag: \b(patients?|clinical|randomi[sz]ed|prev,"Prevalence of tobacco consumption among Auto Rickshaw Drivers in Chennai City, Tamil Nadu, India",2018,article,"Background Tobacco use is a major preventable cause of premature death and diseases. India is the second largest consumer of tobacco in the world. About 29% of adults use tobacco on a daily basis and an additional 5% use it occasionally. This study is contemplated with an aim to assess the prevalence of tobacco consumption and the associated factors involved in its consumption, as this group of the population is under constant pressure and account for the workforce of the country. Methods A Cross sectional descriptive study was conducted among Auto Rickshaw Drivers in Chennai City, who were working for more than two years and present on the day of examination and who were willing to participate in the study were included. Cluster random sampling technique was used. 400 samples were selected from 40 auto stands. Data was collected using a Survey Proforma which comprised of a Questionnaire"
W2623164717,A8,flag: \b(patients?|clinical|randomi[sz]ed|prev,"Prevalence and Risk Factors of Low Back Pain among Auto-Rickshaw Drivers in Urban Kolkata, India",2017,article,"Auto rickshaw drivers are prone to Low Back Pain (LBP) due to occupational exposure. But LBP among auto-rickshaw drivers have hardly been studied. The drivers work long durations in strenuous postures and seat themselves often with one-two passengers in front. The present study was to determine the prevalence and risk factors of LBP in auto-rickshaw drivers of Kolkata.500 auto-rickshaw drivers were randomly surveyed in auto-stands of various parts of Kolkata. A Nordic Pain questionnaire was used to determine prevalence, the 101 Numerical Pain Rating Scale measured current pain intensity and the Oswestry Disability Index evaluated disability due to LBP. Risk factors included age, height, BMI, socio-demographic and occupational details, shoulder to handle distance, knee to break distance, pain intensity, vibration and posture during driving. The Ovako Working postural Analysis System (OWAS"
W3027316741,A8,stub abstract (possible book review),STUDY OF RESPIRATORY HEALTH IN AUTO RICKSHAW DRIVERS IN MUMBAI,2020,article,"Air pollution occurs when harmful or excessive quantities of substances including the gases (CO2, CO, SO2, NO, CH4, CFC, Radon, etc.), particles (both organic and inorganic), and biological molecules are"
W4214928630,A8,context terms missing,The Multi-Agent Transport Simulation MATSim,2016,book,"The MATSim (Multi-Agent Transport Simulation) software project was started around 2006 with the goal of generating traffic and congestion patterns by following individual synthetic travelers through their daily or weekly activity programme. It has since then evolved from a collection of stand-alone C++ programs to an integrated Java-based framework which is publicly hosted, open-source available, automatically regression tested. It is currently used by about 40 groups throughout the world. This book takes stock of the current status. The first part of the book gives an introduction to the most important concepts, with the intention of enabling a potential user to set up and run basic simulations.The second part of the book describes how the basic functionality can be extended, for example by adding schedule-based public transit, electric or autonomous cars, paratransit, or within-day rep"
W2555509407,A8,context terms missing,Distributive justice and equity in transportation,2016,article,"Over the past decades, transport researchers and policy-makers have devoted increasing attention to questions about justice and equity. Nonetheless, there is still little engagement with theories in political philosophy to frame what justice means in the context of transport policies. This paper reviews key theories of justice (utilitarianism, libertarianism, intuitionism, Rawls’ egalitarianism, and Capability Approaches (CAs)) and critically evaluates the insights they generate when applied to transport. Based on a combination of Rawlsian and CAs, we propose that distributive justice concerns over transport disadvantage and social exclusion should focus primarily on accessibility as a human capability. This means that, in policy evaluation, a detailed analysis of the distributional effects of transport policies should take account of the setting of minimum standards of accessibility to "
W2967384502,A8,stub abstract (possible book review),Mobility justice: the politics of movement in an age of extremes,2019,article,"One of the central arguments of Mobility Justice is that how, when, and where people, goods, and capital move is a political and moral in addition to being a techno-material question. The second ce..."
W3095291149,A8,context terms missing,Exploring the impacts of COVID-19 on travel behavior and mode preferences,2020,article,"Various measures were recommended or imposed by the governments to control the spread of COVID-19. Travel behaviors are significantly influenced due to such measures. However, people have various travel needs ranging from grocery shopping to work. This study examines the changes that occurred in travel behavior due to the COVID-19 pandemic. Data were collected through an online questionnaire survey that included questions on trip purpose, mode choice, distance traveled, and frequency of trips before and during COVID-19. 1203 responses were collected from various countries around the world. Results explained that trip purpose, mode choice, distance traveled, and frequency of trips for the primary travel were significantly different before and during the pandemic. Further, the majority of trips were made for shopping during the pandemic. There was a significant shift from public transport "
W2607480509,A8,flag: \b(patients?|clinical|randomi[sz]ed|prev,"Association between active commuting and incident cardiovascular disease, cancer, and mortality: prospective cohort study",2017,article,"Objective To investigate the association between active commuting and incident cardiovascular disease (CVD), cancer, and all cause mortality. Design Prospective population based study. Setting UK Biobank. Participants 263 450 participants (106 674 (52%) women; mean age 52.6), recruited from 22 sites across the UK. The exposure variable was the mode of transport used (walking, cycling, mixed mode v non-active (car or public transport)) to commute to and from work on a typical day. Main outcome measures Incident (fatal and non-fatal) CVD and cancer, and deaths from CVD, cancer, or any causes. Results 2430 participants died (496 were related to CVD and 1126 to cancer) over a median of 5.0 years (interquartile range 4.3-5.5) follow-up. There were 3748 cancer and 1110 CVD events. In maximally adjusted models, commuting by cycle and by mixed mode including cycling were associated with lower ri"
W2552953724,A8,stub abstract (possible book review),Transport justice: designing fair transportation systems,2016,article,"""Transport justice: designing fair transportation systems."" Transport Reviews, 37(2), pp. 245–246"
W2276056662,A8,context terms missing,The Multi-Agent Transport Simulation MATSim,2016,article,"The MATSim (Multi-Agent Transport Simulation) software project was started around 2006 with the goal of generating traffic and congestion patterns by following individual synthetic travelers through their daily or weekly activity programme. It has since then evolved from a collection of stand-alone C++ programs to an integrated Java-based framework which is publicly hosted, open-source available, automatically regression tested. It is currently used by about 40 groups throughout the world. This book takes stock of the current status. The first part of the book gives an introduction to the most important concepts, with the intention of enabling a potential user to set up and run basic simulations. The second part of the book describes how the basic functionality can be extended, for example by adding schedule-based public transit, electric or autonomous cars, paratransit, or within-day re"
W1970192388,A8,core concept mentioned once,Cities through a “gender lens”: a golden “urban age” for women in the global South?,2013,article,"Although urban women generally enjoy some advantages over their rural counterparts, a range of gender inequalities and injustices persist in urban areas that constrain their engagement in the labour market and in informal enterprises and inhibit the development of capabilities among younger women. These include unequal access to decent work, human capital acquisition, financial and physical assets, intra-urban mobility, personal safety and security, and representation in formal structures of urban governance. But the nature of these varies for different groups of women, not only on account of poverty status and where they live in the city, but also according to age, household characteristics, degree of engagement in income-generating activities and so on. This paper reviews what we have learnt from the literature on gender and urban development. It discusses disparities in access to educ"
W2588607978,A8,stub abstract (possible book review),Transport equity analysis,2017,article,"This special issue on Equity and Transport argues that, while transport evaluation remains significant, equity assessment in transport planning is not sufficient and needs to be better understood a..."
W2096304082,A8,core concept mentioned once,"On the electrification of road transportation – A review of the environmental, economic, and social performance of electric two-wheelers",2015,article,"Electrification is widely considered as a viable strategy for reducing the oil dependency and environmental impacts of road transportation. In pursuit of this strategy, most attention has been paid to electric cars. However, substantial, yet untapped, potentials could be realized in urban areas through the large-scale introduction of electric two-wheelers. Here, we review the environmental, economic, and social performance of electric two-wheelers, demonstrating that these are generally more energy efficient and less polluting than conventionally-powered motor vehicles. Electric two-wheelers tend to decrease exposure to pollution as their environmental impacts largely result from vehicle production and electricity generation outside of urban areas. Our analysis suggests that the price of e-bikes has been decreasing at a learning rate of 8%. Despite price differentials of 5000 ± 1800 EUR2"
W2035952931,A8,core concept mentioned once,Mobile Publics: Beyond the Network Perspective,2004,article,"As practices of social coordination and connectivity shift in contemporary urban spaces, in part because of the increasing hybridisations of technologies and infrastructures of communication and transportation, public life is being reconfigured and respatialised. In this paper I argue that models of ‘publicity’ have paid insufficient attention to the ways in which publics are deeply embedded in social and machinic complexes involving the mobilities of people, objects, and information. The first half offers an overview of how the converging technologies of mobility and communication have created new temporalities and spatialities for public participation. In the second half I turn to a theoretical programme for rethinking public connectivity and disconnectivity not in terms of the conventional imagery of networks, but as more fluid and contingent social structures that Harrison White has "
W3046910880,A8,flag: \b(patients?|clinical|randomi[sz]ed|prev,Adherence to social distancing and wearing of masks within public transportation during the COVID 19 pandemic,2020,article,"The first two cases of COVID-19 in Ghana were recorded on March 12th 2020. As a guideline, government issued directives on physical distancing and the use of face masks to curb community spread of the disease. Given that public transport has been identified as a high-risk environment for transmission, it was of interest to ascertain user and operator compliance to guidelines for public transport operations during the period, as a measure of its risk level. A roadside observer survey, of over 850 of the most popular paratransit (trotro) buses was carried out on one of the major roads in Kumasi. Compliance to the policy on physical distancing was determined using guidelines from the Ministry of Transport, while compliance to the policy on face masks was determined by the researchers themselves based on the number of commuters with/without face masks per bus. The results suggest that majori"
W2949545642,A8,core concept mentioned once,Development and implementation of Mobility-as-a-Service – A qualitative study of barriers and enabling factors,2019,article,"Mobility-as-a-Service (MaaS) has been argued as part of the solution to prevalent transport problems. However, progress from pilots to large-scale implementation has hitherto been slow. The aim of the research reported in this paper was to empirically and in-depth investigate how, and to what extent, different factors affect the development and implementation of MaaS. A framework was developed, with a basis in institutional theory and the postulation that formal as well informal factors on different analytical levels (macro, meso and micro) must be considered. The research was organised as a multiple case study in Finland and Sweden and a qualitative approach was chosen for data collection and analysis. A number of factors with a claimed impact on the development and implementation of MaaS was revealed. At the macro level, these factors included legislation concerning transport, innovati"
W2209775912,A8,core concept mentioned once,Trying Out Mobility as a Service: Experiences from a Field Trial and Implications for Understanding Demand,2016,article,"The concept of mobility as a service (MaaS) has been proposed as a feasible way to achieve more sustainable transport. One example of such a service is UbiGo, a broker service for everyday urban travel developed and evaluated within the Go:Smart project in Gothenburg, Sweden. This paper presents evidence of travel behavior and related changes from a 6-month field operational test (FOT), during which 195 participants tested the new service. On the basis of the responses to participant questionnaires and interviews and the information recorded in travel diaries, change-enabling service attributes were identified. Such attributes included the transportation smorgasbord concept, simplicity, improved access and flexibility, and economy. Although not a service attribute per se, the FOT also enabled the new behaviors to be evaluated in a trial and a reevaluation of convenience. The broader impl"
W7128377137,A8,stub abstract (possible book review),sEAmless SustaInable EveRyday urban mobility (EASIER),2024,report,[no abstract available]
W4413640574,A8,stub abstract (possible book review),Transport equity,2025,reference-entry,International audience
W4387971836,A8,stub abstract (possible book review),Mobility Justice and Sustainable Futures,2023,article,The theme of this special issue is mobility justice. Mobility justice is a conceptual lens that has grown in importance over the last decade and is extremely relevant to thinking and planning for n...
W4388941086,A8,stub abstract (possible book review),Bioinfrastructures for Mobility Justice,2023,article,"Columba González-Duarte analyses the reciprocal relationship between the migrating Monarch butterfly and its host plant, milkweed, to consider the possibility of multispecies mobility justice."
W4409214185,A8,stub abstract (possible book review),City of Men: Masculinities and Everyday Morality on Public Transport,2025,article,Romit Chowdhury’s City of Men offers a compelling exploration of how heterosexual masculinities shape and are shaped by urban spaces. Though the literature on gender and urbanism in South Asia has ...
W7204797254,A8,stub abstract (possible book review),City of men: masculinities and everyday morality on public transport,2026,article,"Romit Chowdhury’s City of Men: Masculinities and Everyday Morality on Public Transport is a groundbreaking contribution to mobility studies, urban geography and gender and masculinity studies. This..."
W7214017573,A8,flag: \b(sensor network|wireless|5g|6g|edge co,A short history of Auto-Rickshaw,2026,article,"Auto-Rickshaw was developed in the early 2000s at EMBL Hamburg as an automated macromolecular structure-determination platform for crystallography and structural biology. Its initial motivation was to provide beamline users with rapid feedback on whether diffraction data were sufficient for structure solution. The platform was not merely a wrapper around existing crystallographic programs; it encoded the expert decisions needed to select phasing, density-modification, model-building and refinement protocols according to the information available from the experiment. Since its first publication in 2005, Auto-Rickshaw has supported a broad range of experimental and model-based strategies, including SAD, MAD, SIR, SIRAS, RIP, molecular replacement and hybrid approaches such as MRSAD. A central feature was the integration of the SHELX programs, particularly SHELXC, SHELXD and SHELXE, whose s"
