theme,name,p,p_sa,p_sa_sample_n,global_all_2010-14_raw,global_all_2010-14_adj,global_all_2010-14_per10k,global_all_2015-19_raw,global_all_2015-19_adj,global_all_2015-19_per10k,global_all_2020-26_raw,global_all_2020-26_adj,global_all_2020-26_per10k,global_all_growth,sa_all_2010-14_raw,sa_all_2010-14_adj,sa_all_2010-14_per10k,sa_all_2015-19_raw,sa_all_2015-19_adj,sa_all_2015-19_per10k,sa_all_2020-26_raw,sa_all_2020-26_adj,sa_all_2020-26_per10k,sa_all_growth,global_core_2010-14_raw,global_core_2010-14_adj,global_core_2010-14_per10k,global_core_2015-19_raw,global_core_2015-19_adj,global_core_2015-19_per10k,global_core_2020-26_raw,global_core_2020-26_adj,global_core_2020-26_per10k,global_core_growth,sa_core_2010-14_raw,sa_core_2010-14_adj,sa_core_2010-14_per10k,sa_core_2015-19_raw,sa_core_2015-19_adj,sa_core_2015-19_per10k,sa_core_2020-26_raw,sa_core_2020-26_adj,sa_core_2020-26_per10k,sa_core_growth,india_all_2010-14_raw,india_all_2010-14_adj,india_all_2010-14_per10k,india_all_2015-19_raw,india_all_2015-19_adj,india_all_2015-19_per10k,india_all_2020-26_raw,india_all_2020-26_adj,india_all_2020-26_per10k,india_all_growth,india_core_2010-14_raw,india_core_2010-14_adj,india_core_2010-14_per10k,india_core_2015-19_raw,india_core_2015-19_adj,india_core_2015-19_per10k,india_core_2020-26_raw,india_core_2020-26_adj,india_core_2020-26_per10k,india_core_growth,delhi_all_2010-26_raw,delhi_core_2010-26_raw,delhi_all_2010-26_adj,delhi_core_2010-26_adj,haryana_all_2010-26_raw,haryana_core_2010-26_raw,haryana_all_2010-26_adj,haryana_core_2010-26_adj,gn_all_2010-26_raw,gn_core_2010-26_raw,gn_all_2010-26_adj,gn_core_2010-26_adj,ea_all_2010-26_raw,ea_core_2010-26_raw,ea_all_2010-26_adj,ea_core_2010-26_adj,sea_all_2010-26_raw,sea_core_2010-26_raw,sea_all_2010-26_adj,sea_core_2010-26_adj,af_all_2010-26_raw,af_core_2010-26_raw,af_all_2010-26_adj,af_core_2010-26_adj,la_all_2010-26_raw,la_core_2010-26_raw,la_all_2010-26_adj,la_core_2010-26_adj,me_all_2010-26_raw,me_core_2010-26_raw,me_all_2010-26_adj,me_core_2010-26_adj,lq_sa,lq_india,lq_delhi,lq_haryana,lq_gn,lq_ea,lq_sea,lq_af,lq_la,lq_me
A1,"Urban governance, decentralisation & municipal finance",0.405,0.334,40,3705,1501,1.76,7489,3033,3.11,19570,7926,5.08,1.63,382,128,11.7,725,242,13.26,1960,655,14.66,1.11,1430,579,3.72,2296,930,5.06,5364,2172,6.99,1.38,196,66,18.85,319,107,20.22,783,262,22.57,1.12,356,119,13.68,750,251,16.8,1885,630,18.23,1.09,179,60,23.17,307,103,26.37,727,243,28.44,1.08,267,113,89,38,70,22,23,7,5868,2062,2377,835,3044,1897,1233,768,4664,617,1889,250,2159,847,874,343,1370,509,555,206,602,252,244,102,4.57,5.66,13.19,5.51,1.45,2.3,3.93,2.38,1.59,0.91
A2,"Planning, master plans & land-use regulation",0.546,0.354,40,3823,2087,2.45,5441,2971,3.05,14157,7730,4.95,1.62,110,39,3.57,223,79,4.32,951,337,7.54,1.75,1589,868,5.57,2397,1309,7.12,6670,3642,11.73,1.65,60,21,6.12,134,47,9.0,477,169,14.58,1.62,79,28,3.22,174,62,4.13,705,250,7.23,1.75,46,16,6.31,100,35,9.11,339,120,14.06,1.54,152,72,54,26,34,16,12,6,5911,2952,3227,1612,3082,2066,1683,1128,1372,390,749,213,1815,723,991,395,1050,476,573,260,1211,627,661,342,2.51,2.38,9.86,3.52,1.92,3.06,1.52,2.62,1.6,2.39
A3,"Housing, informality & slums",0.506,0.426,40,8978,4543,5.33,14671,7424,7.62,28664,14504,9.29,1.22,1366,581,53.29,2507,1067,58.39,4567,1944,43.49,0.74,4101,2075,13.33,6338,3207,17.45,12709,6431,20.7,1.19,755,321,92.48,1222,520,98.62,2203,938,80.87,0.82,1152,490,56.38,2212,941,63.1,3644,1551,44.89,0.71,591,252,97.42,971,413,106.21,1596,679,79.5,0.75,1078,528,459,225,96,34,41,14,12379,5644,6264,2856,3269,1539,1654,779,3539,1159,1791,586,9711,5190,4914,2626,4107,1908,2078,965,1305,651,660,329,7.4,7.8,31.31,4.44,1.8,1.45,1.75,6.29,2.8,1.15
A4,"Eviction, resettlement & displacement",0.516,0.496,40,892,460,0.54,1997,1030,1.06,4796,2475,1.58,1.49,114,57,5.18,248,123,6.73,560,278,6.22,0.92,372,192,1.23,822,424,2.31,2352,1214,3.91,1.69,62,31,8.85,96,48,9.03,238,118,10.18,1.13,101,50,5.76,212,105,7.05,443,220,6.36,0.9,56,28,10.76,83,41,10.58,174,86,10.1,0.95,239,126,119,62,10,4,5,2,2644,1237,1364,638,756,441,390,228,522,216,269,111,1047,410,540,212,523,206,270,106,342,131,176,68,5.5,5.73,47.25,3.15,2.61,2.29,1.76,4.61,2.43,2.06
A5,"Land, peri-urban & extended urbanisation",0.324,0.405,40,5449,1765,2.07,8487,2750,2.82,21084,6831,4.37,1.55,451,183,16.74,995,403,22.05,2542,1029,23.03,1.04,2860,927,5.95,4453,1443,7.85,10137,3284,10.57,1.35,264,107,30.77,543,220,41.69,1240,502,43.31,1.04,373,151,17.37,870,352,23.61,2038,825,23.88,1.01,202,82,31.68,408,165,42.46,939,380,44.51,1.05,421,221,170,89,161,74,65,30,5513,3512,1786,1138,4457,2948,1444,955,3501,1012,1134,328,7597,4345,2461,1408,2511,1591,814,515,606,325,196,105,5.22,5.46,18.27,11.13,1.19,2.96,2.59,7.35,2.56,0.8
A6,"Small towns, census towns & secondary cities",0.314,0.435,40,1754,551,0.65,2328,731,0.75,5748,1805,1.16,1.55,91,40,3.63,215,94,5.12,477,208,4.64,0.91,651,204,1.31,1045,328,1.79,2951,927,2.98,1.66,41,18,5.14,107,47,8.83,239,104,8.97,1.02,77,34,3.85,228,99,6.65,407,177,5.13,0.77,34,15,5.73,97,42,10.85,199,87,10.14,0.93,54,25,24,11,22,10,10,4,3003,1381,943,434,1831,1210,575,380,410,145,129,46,884,429,278,135,753,340,236,107,269,108,84,34,3.65,4.22,8.35,5.42,2.32,4.33,1.08,3.04,2.73,1.27
A7,"Urban infrastructure (water, sanitation, energy) & infrastructural citizenship",0.405,0.465,40,2396,970,1.14,3767,1526,1.57,10091,4087,2.62,1.67,347,161,14.8,603,281,15.36,1571,731,16.36,1.07,1344,544,3.5,2402,973,5.29,5530,2240,7.21,1.36,188,87,25.18,386,180,34.06,806,375,32.35,0.95,261,121,13.97,460,214,14.35,1160,540,15.62,1.09,142,66,25.59,279,130,33.37,560,261,30.5,0.91,188,111,87,52,44,20,20,9,2521,1653,1021,669,1302,959,527,388,1058,468,428,190,4059,2136,1644,865,1214,749,492,303,575,355,233,144,7.11,6.74,17.57,6.56,1.18,1.86,1.69,8.46,2.66,1.64
A8,Mobility & transport (social science),0.597,0.435,40,879,525,0.62,1924,1149,1.18,6064,3620,2.32,1.97,72,31,2.87,225,98,5.36,674,293,6.56,1.22,544,325,2.09,1110,663,3.61,3502,2091,6.73,1.86,40,17,5.01,122,53,10.07,373,162,14.0,1.39,60,26,3.0,186,81,5.43,502,218,6.32,1.16,29,13,4.89,91,40,10.18,267,116,13.6,1.34,137,78,60,34,8,3,3,1,2626,1786,1568,1066,657,484,392,289,595,275,355,164,1234,614,737,367,791,422,472,252,280,174,167,104,5.02,4.91,23.48,2.18,2.25,1.72,1.74,4.71,3.18,1.46
A9,"Public space, publicness & the street",0.415,0.435,40,3464,1438,1.69,6701,2781,2.85,16570,6877,4.4,1.54,118,51,4.71,255,111,6.08,765,333,7.45,1.23,1191,494,3.18,2302,955,5.2,6250,2594,8.35,1.61,54,24,6.77,103,45,8.51,288,125,10.82,1.27,85,37,4.26,208,91,6.07,602,262,7.59,1.25,36,16,6.07,82,36,9.18,221,96,11.27,1.23,150,59,65,26,11,6,5,3,8767,3571,3638,1482,2467,1275,1024,529,1642,365,681,151,1738,650,721,270,2592,828,1076,344,1470,640,610,266,1.95,1.95,8.52,1.0,2.49,2.14,1.59,2.2,3.46,2.54
A10,"Urban economy, informal work & street vending",0.547,0.577,40,1102,603,0.71,2442,1336,1.37,6301,3447,2.21,1.61,157,91,8.3,354,204,11.18,1081,624,13.95,1.25,453,248,1.59,816,446,2.43,1662,909,2.93,1.21,75,43,12.45,140,81,15.32,351,202,17.47,1.14,131,76,8.69,297,171,11.48,926,534,15.46,1.35,59,34,13.18,115,66,17.05,286,165,19.31,1.13,156,65,90,37,21,8,12,5,861,300,471,164,448,200,245,109,1335,316,730,173,2216,895,1212,490,1916,512,1048,280,196,82,107,45,7.42,8.01,24.08,5.17,0.66,1.06,3.52,7.62,6.94,0.92
A11,Migration & the city,0.628,0.516,40,2323,1459,1.71,2315,1454,1.49,4515,2835,1.82,1.22,161,83,7.62,276,143,7.8,784,405,9.06,1.16,876,550,3.54,1140,716,3.9,2244,1409,4.54,1.16,71,37,10.55,130,67,12.73,296,153,13.18,1.04,126,65,7.48,209,108,7.23,604,312,9.03,1.25,51,26,10.2,96,50,12.74,228,118,13.78,1.08,91,41,47,21,22,10,11,5,1153,492,724,309,3257,2099,2045,1318,749,320,470,201,1419,559,891,351,482,214,303,134,431,186,271,117,6.12,5.98,15.11,5.82,0.96,8.27,2.12,5.25,1.88,2.18
A12,"Gender, caste, class & the city",0.617,0.647,40,829,511,0.6,1657,1022,1.05,3844,2372,1.52,1.45,331,214,19.64,711,460,25.19,2027,1312,29.36,1.17,313,193,1.24,608,375,2.04,1273,785,2.53,1.24,132,85,24.59,293,190,35.97,704,456,39.31,1.09,316,205,23.52,694,449,30.11,1960,1269,36.72,1.22,118,76,29.59,278,180,46.25,655,424,49.63,1.07,317,129,205,84,88,36,57,23,1459,475,900,293,469,209,289,129,338,110,209,68,587,205,362,126,441,141,272,87,250,85,154,52,22.24,27.33,76.09,33.67,1.75,1.72,1.38,3.14,2.48,1.83
A13,"Heritage, mega-events & ""world-class"" city making",0.496,0.486,40,2430,1205,1.41,3762,1866,1.91,7532,3736,2.39,1.25,173,84,7.7,222,108,5.9,429,208,4.66,0.79,1154,572,3.68,1504,746,4.06,2951,1464,4.71,1.16,90,44,12.58,93,45,8.57,153,74,6.41,0.75,153,74,8.55,183,89,5.96,375,182,5.27,0.88,84,41,15.81,80,39,9.99,130,63,7.39,0.74,205,90,100,44,7,3,3,1,4469,1990,2217,987,2276,1223,1129,607,1061,257,526,127,859,317,426,157,1126,480,558,238,1096,468,544,232,2.75,3.02,22.7,1.24,2.47,3.85,2.01,2.12,2.93,3.7
A14,"Urban environment, climate & risk",0.547,0.607,40,1223,669,0.78,2767,1514,1.55,12218,6683,4.28,2.76,100,61,5.56,186,113,6.18,1063,645,14.44,2.34,859,470,3.02,1857,1016,5.53,7778,4255,13.7,2.48,73,44,12.75,122,74,14.04,574,348,30.05,2.14,74,45,5.17,119,72,4.84,734,446,12.9,2.67,49,30,11.52,84,51,13.11,392,238,27.85,2.12,103,68,63,41,10,6,6,4,4762,3341,2605,1828,2394,1974,1310,1080,1136,582,621,318,1689,916,924,501,1138,674,622,369,693,437,379,239,3.82,3.33,9.66,1.49,2.23,3.43,1.82,3.53,2.5,1.98
A15,"Urban & planning theory, Southern urbanism",0.354,0.446,40,601,213,0.25,786,278,0.29,1415,501,0.32,1.1,12,5,0.49,35,16,0.85,99,44,0.99,1.16,315,112,0.72,354,125,0.68,660,234,0.75,1.1,6,3,0.77,17,8,1.44,46,21,1.77,1.23,10,4,0.51,31,14,0.93,88,39,1.14,1.23,6,3,1.04,15,7,1.72,41,18,2.14,1.24,20,9,9,4,3,2,1,1,665,335,235,119,282,141,100,50,113,39,40,14,298,115,105,41,126,69,45,24,79,44,28,16,2.39,2.68,10.84,2.59,1.8,2.34,1.05,3.6,1.6,1.3
A16,Night-time city & urban time,0.354,0.142,40,1265,448,0.53,1754,621,0.64,3904,1382,0.88,1.38,96,14,1.25,80,11,0.62,277,39,0.88,1.42,576,204,1.31,799,283,1.54,1639,580,1.87,1.21,30,4,1.22,35,5,0.94,101,14,1.23,1.31,71,10,1.16,75,11,0.71,244,35,1.0,1.41,22,3,1.21,31,4,1.13,81,11,1.34,1.19,43,20,6,3,5,3,1,0,3373,1488,1194,527,777,380,275,135,456,136,161,48,756,241,268,85,649,234,230,83,494,168,175,59,3.0,3.28,9.44,1.75,3.7,2.61,1.71,3.7,3.34,3.3
B1,Platforms & platform capitalism,0.433,0.314,40,48,21,0.02,717,310,0.32,14348,6213,3.98,12.44,1,0,0.03,19,6,0.33,923,290,6.49,19.67,21,9,0.06,356,154,0.84,4699,2035,6.55,7.8,0,0,0.0,8,3,0.48,241,76,6.53,13.6,1,0,0.04,18,6,0.38,782,246,7.11,18.71,0,0,0.0,9,3,0.73,209,66,7.69,10.53,28,11,9,3,9,2,3,1,3365,1142,1457,494,1513,814,655,352,1133,201,491,87,718,239,311,103,590,170,255,74,460,131,199,57,2.86,3.09,2.81,1.44,1.69,2.33,1.94,1.61,1.39,1.41
B2,"Datafication, data justice & data colonialism",0.414,0.306,40,18,7,0.01,555,230,0.24,4587,1899,1.22,5.08,0,0,0.0,6,2,0.1,170,52,1.16,11.6,12,5,0.03,351,145,0.79,2137,885,2.85,3.61,0,0,0.0,5,2,0.29,68,21,1.79,6.17,0,0,0.0,4,1,0.08,135,41,1.19,14.87,0,0,0.0,4,1,0.31,54,17,1.93,6.23,4,2,1,1,0,0,0,0,1044,578,432,239,248,143,103,59,104,39,43,16,278,116,115,48,231,94,96,39,84,32,35,13,1.56,1.57,1.18,0.0,1.54,1.12,0.52,1.82,1.6,0.75
B3,Surveillance studies,0.52,0.453,40,505,263,0.31,1200,624,0.64,3271,1701,1.09,1.7,22,10,0.91,44,20,1.09,394,179,4.0,3.67,295,153,0.99,603,314,1.71,1345,699,2.25,1.32,18,8,2.35,22,10,1.89,112,51,4.38,2.32,18,8,0.94,38,17,1.15,317,144,4.16,3.62,15,7,2.63,18,8,2.1,98,44,5.2,2.48,19,6,9,3,5,2,2,1,1669,801,868,417,438,222,228,115,182,77,95,40,304,143,158,74,201,106,105,55,224,123,116,64,4.24,4.37,5.8,2.43,2.55,2.05,0.95,2.07,1.44,2.08
B4,Algorithmic governance & AI in the public sector,0.613,0.732,40,77,47,0.06,447,274,0.28,9790,6001,3.84,13.71,0,0,0.0,6,4,0.24,635,465,10.4,43.33,48,29,0.19,243,149,0.81,2929,1795,5.78,7.14,0,0,0.0,4,3,0.56,138,101,8.71,15.55,0,0,0.0,5,4,0.25,503,368,10.66,42.64,0,0,0.0,3,2,0.56,117,86,10.02,17.89,17,9,12,7,2,0,1,0,2395,657,1468,403,518,214,318,131,505,72,310,44,396,113,243,69,277,79,170,48,391,96,240,59,2.85,2.87,2.5,0.47,1.76,1.17,1.27,1.3,0.96,1.75
B5,Digital identity & digital public infrastructure (DPI),0.355,0.474,40,267,95,0.11,549,195,0.2,2799,994,0.64,3.2,84,40,3.65,221,105,5.73,1103,523,11.69,2.04,140,50,0.32,229,81,0.44,722,256,0.83,1.89,53,25,7.23,106,50,9.52,277,131,11.32,1.19,81,38,4.41,215,102,6.83,1107,524,15.18,2.22,52,25,9.54,101,48,12.3,274,130,15.19,1.23,59,28,28,13,11,1,5,0,529,194,188,69,147,68,52,24,312,56,111,20,289,94,103,33,106,51,38,18,118,43,42,15,17.87,22.61,24.8,7.37,1.11,0.95,2.24,2.71,1.05,1.51
B6,Digital finance & payments,0.722,0.734,40,395,285,0.33,2820,2036,2.09,29600,21371,13.68,6.55,46,34,3.09,1033,758,41.47,5947,4363,97.62,2.35,196,142,0.91,853,616,3.35,6725,4855,15.63,4.67,25,18,5.28,262,192,36.45,1182,867,74.79,2.05,37,27,3.12,1021,749,50.21,5383,3949,114.3,2.28,20,15,5.68,253,186,47.7,1018,747,87.42,1.83,177,58,130,43,89,6,65,4,2212,623,1597,450,1832,1141,1323,824,5328,486,3847,351,4885,1584,3527,1144,557,199,402,144,855,223,617,161,9.82,11.43,8.2,6.57,0.51,1.3,4.21,5.04,0.61,1.21
B7,Digital divides & digital inclusion,0.472,0.586,40,2977,1405,1.65,3390,1600,1.64,31163,14709,9.42,5.74,159,93,8.54,207,121,6.64,3756,2201,49.24,7.42,1373,648,4.16,1781,841,4.57,10510,4961,15.97,3.49,64,37,10.79,114,67,12.66,822,482,41.54,3.28,125,73,8.42,174,102,6.83,3173,1859,53.8,7.88,46,27,10.44,90,53,13.55,638,374,43.75,3.23,114,36,67,21,39,6,23,4,6172,3174,2913,1498,2634,1752,1243,827,2965,570,1399,269,3850,1322,1817,624,1969,706,929,333,985,390,465,184,5.04,5.39,4.62,2.52,1.25,1.63,2.05,3.47,1.87,1.21
B8,"Social media, digital publics & political communication",0.661,0.599,40,955,631,0.74,3195,2112,2.17,11941,7893,5.05,2.33,38,23,2.09,176,106,5.77,1059,635,14.2,2.46,563,372,2.39,1472,973,5.3,3870,2558,8.24,1.55,19,11,3.28,75,45,8.53,272,163,14.06,1.65,24,14,1.65,144,86,5.79,750,450,13.01,2.25,13,8,3.02,67,40,10.32,210,126,14.73,1.43,48,21,29,13,4,1,2,1,4055,2033,2680,1344,1024,618,677,408,2204,338,1457,223,1582,521,1046,344,845,355,559,235,971,410,642,271,3.63,3.32,4.53,0.6,1.91,1.48,3.55,3.33,1.87,2.79
B9,Misinformation & extreme speech,0.498,0.425,40,1723,858,1.01,6964,3468,3.56,59696,29729,19.04,5.35,68,29,2.65,164,70,3.81,2823,1198,26.82,7.04,1088,542,3.48,3351,1669,9.08,26278,13086,42.13,4.64,45,19,5.5,74,31,5.96,1039,441,38.04,6.38,52,22,2.54,136,58,3.87,1970,836,24.21,6.26,34,14,5.59,59,25,6.44,745,316,37.02,5.75,89,46,38,20,29,13,12,6,13913,6982,6929,3477,2699,1576,1344,785,3635,818,1810,407,3947,1830,1966,911,2650,1132,1320,564,1942,960,967,478,2.05,1.84,1.98,1.03,1.54,0.92,1.38,1.95,1.38,1.31
B10,"Cybercrime, fraud & cybersecurity (social science)",0.661,0.664,40,1745,1153,1.35,4735,3130,3.21,32174,21267,13.62,4.24,62,41,3.77,218,145,7.92,2224,1477,33.04,4.17,738,488,3.13,1902,1257,6.84,8764,5793,18.65,2.73,27,18,5.16,60,40,7.55,336,223,19.24,2.55,63,42,4.81,192,127,8.55,1800,1195,34.59,4.05,25,17,6.43,53,35,9.04,280,186,21.76,2.41,48,13,32,9,16,2,11,1,6325,1762,4181,1165,1562,581,1032,384,3427,336,2265,222,2258,513,1493,339,463,115,306,76,1261,346,834,229,2.97,3.1,1.89,1.0,1.24,0.94,2.3,1.98,0.43,1.51
B11,Digital labour,0.678,0.599,40,90,61,0.07,1069,725,0.74,9537,6466,4.14,5.59,0,0,0.0,21,13,0.69,912,547,12.23,17.72,58,39,0.25,444,301,1.64,3528,2392,7.7,4.7,0,0,0.0,12,7,1.36,238,143,12.31,9.05,0,0,0.0,20,12,0.8,813,487,14.11,17.64,0,0,0.0,11,7,1.69,210,126,14.73,8.72,41,18,25,11,4,3,2,2,2092,876,1418,594,748,452,507,306,712,136,483,92,326,131,221,89,379,163,257,111,164,50,111,34,4.0,4.54,5.82,0.91,1.48,1.63,1.73,1.03,1.26,0.71
B12,Infrastructure studies & STS of digital systems,0.358,0.314,40,82,29,0.03,358,128,0.13,2757,987,0.63,4.85,5,2,0.14,14,4,0.24,180,57,1.27,5.29,58,21,0.13,255,91,0.5,1411,505,1.63,3.26,3,1,0.27,11,3,0.66,75,24,2.03,3.08,5,2,0.18,13,4,0.27,139,44,1.26,4.67,3,1,0.37,10,3,0.81,52,16,1.91,2.36,8,5,3,2,1,1,0,0,929,579,333,207,390,228,140,82,177,65,63,23,329,107,118,38,140,75,50,27,106,47,38,17,2.86,2.86,3.8,0.76,2.21,2.84,1.44,3.48,1.56,1.53
B13,Mobile phones & everyday digital life,0.348,0.357,40,3049,1061,1.24,5300,1844,1.89,12395,4313,2.76,1.46,297,106,9.71,944,337,18.42,2872,1024,22.92,1.24,1819,633,4.07,3379,1176,6.4,7127,2480,7.99,1.25,171,61,17.55,525,187,35.5,1244,444,38.26,1.08,261,93,10.7,864,308,20.65,2643,943,27.28,1.32,142,51,19.61,445,159,40.79,1094,390,45.66,1.12,215,130,77,46,62,27,22,10,3026,2215,1053,771,1832,1310,638,456,927,394,323,137,2163,1286,753,448,560,381,195,133,577,342,201,119,9.09,10.58,15.75,7.24,1.11,2.05,1.16,3.53,0.96,1.29
B14,Generative AI & society,0.63,0.509,40,8,5,0.01,31,20,0.02,61291,38613,24.73,1236.5,0,0,0.0,0,0,0.0,1343,684,15.31,,5,3,0.02,10,6,0.03,33102,20854,67.14,2238.0,0,0,0.0,0,0,0.0,514,262,22.58,,0,0,0.0,0,0,0.0,1007,513,14.85,,0,0,0.0,0,0,0.0,407,207,24.27,,47,22,24,11,5,0,3,0,5571,3193,3510,2012,4226,2700,2662,1701,1864,557,1174,351,1098,485,692,306,818,373,515,235,1033,608,651,383,1.0,0.96,1.16,0.2,0.69,1.6,0.79,0.61,0.48,0.78
C1,Smart cities & smart urbanism,0.426,0.473,40,253,108,0.13,2782,1185,1.22,12673,5399,3.46,2.84,14,7,0.61,234,111,6.06,894,423,9.46,1.56,177,75,0.48,1764,751,4.09,6345,2703,8.7,2.13,9,4,1.23,138,65,12.38,368,174,15.02,1.21,13,6,0.71,236,112,7.48,875,414,11.98,1.6,8,4,1.47,136,64,16.54,348,165,19.27,1.17,81,37,38,18,15,5,7,2,2582,1407,1100,599,1321,856,563,365,993,305,423,130,420,191,179,81,312,161,133,69,490,234,209,100,3.33,4.17,7.83,2.31,1.25,1.95,1.64,0.91,0.71,1.44
C2,Platform urbanism,0.325,0.395,40,58,19,0.02,212,69,0.07,2374,772,0.49,7.0,2,1,0.07,12,5,0.26,242,96,2.14,8.23,28,9,0.06,130,42,0.23,1155,375,1.21,5.26,1,0,0.11,4,2,0.3,75,30,2.56,8.53,2,1,0.09,15,6,0.4,227,90,2.6,6.5,1,0,0.15,4,2,0.41,67,26,3.1,7.56,15,10,6,4,3,0,1,0,598,359,194,117,379,265,123,86,239,63,78,20,113,44,37,14,131,69,43,22,89,39,29,13,4.44,5.38,8.62,2.75,1.72,3.33,2.34,1.45,1.77,1.56
C3,Digital geographies & code/space,0.286,0.314,17,321,92,0.11,430,123,0.13,627,179,0.11,0.85,2,1,0.06,6,2,0.1,11,3,0.08,0.8,190,54,0.35,240,69,0.37,393,112,0.36,0.97,1,0,0.09,4,1,0.24,7,2,0.19,0.79,2,1,0.07,3,1,0.06,10,3,0.09,1.5,1,0,0.12,2,1,0.16,7,2,0.26,1.62,0,0,0,0,1,0,0,0,249,151,71,43,56,43,16,12,16,7,5,2,21,15,6,4,29,18,8,5,20,14,6,4,0.63,0.63,0.0,1.76,1.37,0.94,0.3,0.52,0.75,0.67
C4,Urban informatics & urban computing,0.432,0.237,40,103,44,0.05,847,366,0.38,3257,1407,0.9,2.37,1,0,0.02,17,4,0.22,86,20,0.46,2.09,71,31,0.2,629,272,1.48,2268,980,3.15,2.13,0,0,0.0,12,3,0.54,38,9,0.78,1.44,1,0,0.03,14,3,0.22,68,16,0.47,2.14,0,0,0.0,9,2,0.55,29,7,0.8,1.45,5,2,1,0,0,0,0,0,662,456,286,197,1052,889,454,384,139,67,60,29,98,57,42,25,82,56,35,24,83,55,36,24,1.13,1.15,1.81,0.0,1.19,5.81,0.86,0.79,0.69,0.91
C5,Urban data governance & data justice in cities,0.338,0.232,40,32,11,0.01,233,79,0.08,1414,478,0.31,3.88,2,0,0.04,7,2,0.09,79,18,0.41,4.56,27,9,0.06,153,52,0.28,633,214,0.69,2.46,2,0,0.13,7,2,0.31,28,6,0.56,1.81,2,0,0.05,6,1,0.09,64,15,0.43,4.78,2,0,0.18,6,1,0.36,23,5,0.62,1.72,5,0,1,0,2,0,0,0,486,272,164,92,210,151,71,51,134,33,45,11,111,47,38,16,86,54,29,18,61,27,21,9,2.4,2.5,4.52,2.88,2.2,2.91,2.07,2.24,1.83,1.68
C6,"Urban surveillance, policing & biometrics in public space",0.267,0.326,40,492,131,0.15,831,222,0.23,3460,924,0.59,2.57,14,5,0.42,29,9,0.52,269,88,1.96,3.77,231,62,0.4,406,108,0.59,1379,368,1.19,2.02,4,1,0.38,13,4,0.8,83,27,2.33,2.91,10,3,0.37,25,8,0.55,237,77,2.23,4.05,2,1,0.25,12,4,1.0,67,22,2.55,2.55,16,5,5,2,2,1,1,0,1115,477,298,127,381,188,102,50,297,69,79,18,236,74,63,20,183,87,49,23,134,59,36,16,2.99,3.31,5.08,1.01,1.77,1.85,1.61,1.67,1.36,1.3
C7,"Algorithmic & automated urban governance, municipal AI / GenAI",0.393,0.264,40,37,15,0.02,102,40,0.04,2435,957,0.61,15.25,19,5,0.46,35,9,0.5,201,53,1.19,2.38,32,13,0.08,81,32,0.17,1089,428,1.38,8.12,19,5,1.44,30,8,1.5,106,28,2.41,1.61,19,5,0.58,35,9,0.62,186,49,1.42,2.29,19,5,1.94,30,8,2.03,97,26,2.99,1.47,12,5,3,1,2,1,1,0,548,248,215,97,337,230,132,90,167,53,66,21,178,56,70,22,81,51,32,20,96,53,38,21,4.54,5.43,7.08,1.88,1.62,3.04,1.68,2.34,1.12,1.73
C8,City-level DPI & urban e-government,0.558,0.547,40,580,324,0.38,804,449,0.46,2927,1633,1.05,2.28,36,20,1.81,70,38,2.1,229,125,2.8,1.33,253,141,0.91,324,181,0.98,657,367,1.18,1.2,19,10,2.99,36,20,3.74,62,34,2.93,0.78,31,17,1.95,71,39,2.61,192,105,3.04,1.16,17,9,3.6,33,18,4.64,49,27,3.14,0.68,16,8,9,4,8,2,4,1,673,278,376,155,318,190,177,106,873,106,487,59,254,90,142,50,121,47,68,26,162,65,90,36,3.56,3.97,5.64,4.49,1.18,1.71,5.25,1.99,1.0,1.74
C9,"Digital mobility (ride-hailing, MaaS, digital ticketing, transit apps)",0.414,0.383,40,234,97,0.11,962,398,0.41,5355,2217,1.42,3.46,4,2,0.14,17,7,0.36,221,85,1.9,5.28,150,62,0.4,766,317,1.73,3821,1582,5.09,2.94,4,2,0.44,14,5,1.02,104,40,3.44,3.37,4,2,0.18,19,7,0.49,163,62,1.81,3.69,4,2,0.59,15,6,1.48,75,29,3.36,2.27,23,15,9,6,0,0,0,0,1445,1178,598,488,1092,955,452,395,568,227,235,94,173,91,72,38,189,134,78,55,108,84,45,35,1.69,1.65,5.33,0.0,1.67,3.87,2.25,0.89,1.03,0.76
C10,"Proptech, housing platforms & short-term rentals",0.554,0.364,40,83,46,0.05,1419,786,0.81,4040,2238,1.43,1.77,2,1,0.07,17,6,0.34,70,25,0.57,1.68,27,15,0.1,672,372,2.03,2046,1133,3.65,1.8,2,1,0.21,6,2,0.41,22,8,0.69,1.68,2,1,0.08,16,6,0.39,60,22,0.63,1.62,2,1,0.28,6,2,0.56,19,7,0.81,1.45,4,0,1,0,0,0,0,0,1556,951,862,527,295,190,163,105,186,59,103,33,114,46,63,25,172,56,95,31,86,36,48,20,0.74,0.82,1.1,0.0,2.13,1.24,0.87,0.7,1.11,0.72
C11,"Digital payments in urban economies (QR, UPI, mobile money)",0.274,0.431,40,381,104,0.12,1036,284,0.29,5136,1407,0.9,3.1,7,3,0.28,130,56,3.06,1854,798,17.86,5.84,103,28,0.18,184,50,0.27,709,194,0.63,2.33,3,1,0.37,38,16,3.1,229,99,8.5,2.74,7,3,0.35,137,59,3.95,1874,807,23.35,5.91,3,1,0.5,38,16,4.21,219,94,11.04,2.62,60,21,26,9,31,3,13,1,246,59,67,16,211,82,58,22,1549,55,424,15,352,128,96,35,108,22,30,6,55,8,15,2,13.94,17.94,13.91,11.46,0.28,0.75,6.13,1.82,0.59,0.39
C12,"Civic tech, e-participation & digital urban publics",0.304,0.23,40,87,26,0.03,293,89,0.09,956,291,0.19,2.11,1,0,0.02,4,1,0.05,59,14,0.3,6.0,56,17,0.11,180,55,0.3,384,117,0.38,1.27,0,0,0.0,4,1,0.17,17,4,0.34,2.0,1,0,0.03,5,1,0.08,45,10,0.3,3.75,0,0,0.0,5,1,0.3,15,3,0.4,1.33,4,2,1,0,3,2,1,0,416,204,126,62,97,53,29,16,88,26,27,8,79,27,24,8,76,38,23,12,53,26,16,8,2.2,2.22,4.55,5.44,2.36,1.69,1.71,2.0,2.03,1.84
C13,"Digital twins, simulation & visual rendering of cities",0.551,0.376,40,300,165,0.19,483,266,0.27,4694,2586,1.66,6.15,5,2,0.17,7,3,0.14,104,39,0.87,6.21,218,120,0.77,384,212,1.15,3026,1667,5.37,4.67,5,2,0.54,3,1,0.21,42,16,1.36,6.48,5,2,0.22,9,3,0.23,96,36,1.04,4.52,5,2,0.73,5,2,0.48,37,14,1.63,3.4,7,4,3,2,0,0,0,0,925,677,510,373,371,265,204,146,172,84,95,46,85,46,47,25,69,48,38,26,159,97,88,53,0.97,1.17,1.94,0.0,1.28,1.57,0.81,0.53,0.45,1.34
C14,"Digital informality (informal settlements, vendors & digital systems)",0.408,0.455,40,55,22,0.03,157,64,0.07,1164,475,0.3,4.29,11,5,0.46,45,20,1.12,336,153,3.42,3.05,26,11,0.07,74,30,0.16,412,168,0.54,3.38,4,2,0.52,26,12,2.24,122,55,4.78,2.13,11,5,0.58,40,18,1.22,301,137,3.96,3.25,4,2,0.7,20,9,2.34,102,46,5.43,2.32,42,19,19,9,4,2,2,1,173,67,71,27,65,29,27,12,168,36,69,15,393,189,160,77,160,73,65,30,55,22,22,9,13.07,14.9,46.38,7.04,0.95,1.1,3.17,9.67,4.15,1.85
C15,Gig work in the city (urban and spatial focus),0.286,0.393,40,5,1,0.0,139,40,0.04,3043,870,0.56,14.0,0,0,0.0,9,4,0.19,432,170,3.8,20.0,5,1,0.01,65,19,0.1,1398,400,1.29,12.9,0,0,0.0,4,2,0.3,136,54,4.62,15.4,0,0,0.0,10,4,0.26,409,161,4.66,17.92,0,0,0.0,4,2,0.4,122,48,5.62,14.05,39,15,15,6,1,1,0,0,596,323,170,92,437,306,125,88,400,86,114,25,94,43,27,12,167,95,48,27,50,24,14,7,6.35,7.66,18.59,0.76,1.42,3.19,3.26,1.0,1.87,0.73
C16,"Digital heritage, mapping & representation of cities",0.385,0.391,40,91,35,0.04,280,108,0.11,1152,444,0.28,2.55,4,2,0.14,11,4,0.24,53,21,0.46,1.92,52,20,0.13,186,72,0.39,705,271,0.87,2.23,3,1,0.34,7,3,0.52,28,11,0.94,1.81,3,1,0.13,6,2,0.16,38,15,0.43,2.69,3,1,0.45,3,1,0.3,19,7,0.87,2.9,5,2,2,1,1,1,0,0,487,341,187,131,155,118,60,45,95,47,37,18,155,102,60,39,140,93,54,36,58,38,22,15,2.05,1.8,4.99,1.59,2.43,2.37,1.62,3.45,3.28,1.76
C17,Urban cybersecurity & cyber-physical infrastructure,0.345,0.44,40,29,10,0.01,244,84,0.09,3406,1175,0.75,8.33,3,1,0.12,9,4,0.22,253,111,2.49,11.32,19,7,0.04,126,43,0.24,1205,416,1.34,5.58,3,1,0.38,3,1,0.25,29,13,1.1,4.4,2,1,0.1,9,4,0.27,221,97,2.81,10.41,2,1,0.34,3,1,0.34,28,12,1.44,4.24,11,3,5,1,6,1,3,0,631,180,218,62,133,61,46,21,149,38,51,13,125,40,43,14,41,12,14,4,144,42,50,14,3.3,3.67,4.54,3.95,1.3,0.84,1.05,1.15,0.4,1.81
C18,"Neighbourhood platforms & digital public space (WhatsApp, Nextdoor, RWA groups)",0.095,0.201,40,56,5,0.01,545,52,0.05,5524,525,0.34,6.8,5,1,0.09,43,9,0.47,538,108,2.42,5.15,30,3,0.02,234,22,0.12,1526,145,0.47,3.92,2,0,0.12,22,4,0.84,234,47,4.06,4.83,3,1,0.07,45,9,0.61,494,99,2.88,4.72,2,0,0.16,21,4,1.09,207,42,4.88,4.48,64,19,13,4,19,7,4,1,747,470,71,45,163,84,15,8,950,116,90,11,617,317,59,30,238,120,23,11,264,172,25,16,4.39,5.16,15.88,7.51,0.93,0.62,4.02,3.41,1.39,1.99
