theme,candidates,include_rules,borderline,exclude,borderline_share,manual_kept,manual_dropped,pending
A1,264,187,30,47,0.114,12,18,0
A2,239,165,11,63,0.046,3,8,0
A3,265,171,43,51,0.162,17,26,0
A4,219,165,16,38,0.073,8,8,0
A5,277,162,21,94,0.076,10,11,0
A6,364,150,23,191,0.063,11,12,0
A7,242,154,21,67,0.087,9,12,0
A8,274,196,21,57,0.077,7,14,0
A9,287,188,36,63,0.125,21,15,0
A10,228,152,24,52,0.105,11,13,0
A11,236,173,19,44,0.081,8,11,0
A12,233,160,21,52,0.090,11,10,0
A13,246,176,21,49,0.085,11,10,0
A14,246,193,29,24,0.118,10,19,0
A15,233,144,39,50,0.167,24,15,0
A16,241,121,29,91,0.120,17,12,0
B1,239,177,33,29,0.138,16,17,0
B2,240,149,36,55,0.150,19,17,0
B3,229,152,30,47,0.131,11,19,0
B4,240,200,13,27,0.054,4,9,0
B5,298,203,50,45,0.168,16,34,0
B6,217,181,13,23,0.060,8,5,0
B7,236,183,26,27,0.110,15,11,0
B8,272,217,22,33,0.081,16,6,0
B9,238,159,44,35,0.185,29,15,0
B10,240,172,24,44,0.100,10,14,0
B11,238,203,12,23,0.050,8,4,0
B12,239,138,39,62,0.163,16,23,0
B13,269,153,28,88,0.104,7,21,0
B14,237,146,26,65,0.110,9,17,0
C1,219,187,15,17,0.068,3,12,0
C2,246,191,21,34,0.085,12,9,0
C3,199,81,22,96,0.111,10,12,0
C4,227,126,20,81,0.088,9,11,0
C5,230,117,44,69,0.191,11,33,0
C6,240,104,37,99,0.154,12,25,0
C7,226,123,33,70,0.146,6,27,0
C8,217,114,31,72,0.143,13,18,0
C9,227,126,19,82,0.084,6,13,0
C10,226,144,34,48,0.150,7,27,0
C11,218,110,13,95,0.060,3,10,0
C12,239,87,28,124,0.117,13,15,0
C13,228,151,18,59,0.079,7,11,0
C14,191,113,29,49,0.152,9,20,0
C15,222,108,10,104,0.045,7,3,0
C16,213,120,49,44,0.230,15,34,0
C17,228,110,40,78,0.175,13,27,0
C18,217,56,30,131,0.138,6,24,0
S1,126,75,11,40,0.087,4,7,0
S2,127,30,11,86,0.087,5,6,0
S3,105,46,5,54,0.048,2,3,0
S4,127,66,24,37,0.189,7,17,0
S5,119,89,10,20,0.084,6,4,0
S6,118,32,3,83,0.025,3,0,0
S7,109,44,2,63,0.018,1,1,0
