theme,name,p,p_sa,records_n,global_all_2015-19_adj,global_all_2020-26_adj,global_all_2015-19_per10k,global_all_2020-26_per10k,global_all_growth_label,global_core_2015-19_adj,global_core_2020-26_adj,global_core_growth_label,sa_all_2020-26_adj,sa_share_all_2020-26,lq_sa_all_2020-26,sa_all_growth,sa_core_2020-26_adj,sa_share_core_2020-26,lq_sa_core_2020-26,india_all_2020-26_adj,india_share_all_2020-26,lq_india_all_2020-26,india_core_2020-26_adj,india_share_core_2020-26,delhi_all_2010-26_adj,delhi_core_2010-26_adj,haryana_all_2010-26_adj,haryana_core_2010-26_adj,sa_share_of_region_mentions,gn_share_of_region_mentions,ea_share_of_region_mentions,sea_share_of_region_mentions,af_share_of_region_mentions,la_share_of_region_mentions,me_share_of_region_mentions,top_region,fast_growth,saturating,flat_small,sa_thin,mismatch_sa,gn_dominated,method_known_n,method_claims_allowed,method_qualitative_pct,method_quantitative_pct,method_mixed_pct,method_review_pct,method_conceptual_pct,method_computational_pct
A1,"Urban governance, decentralisation & municipal finance",0.405,0.334,236,3033.0,7926.0,3.11,5.08,1.63,930.0,2172.0,1.38,655.0,8.264,2.888,1.11,262.0,12.063,3.231,630.0,7.949,3.593,243.0,11.188,89.0,38.0,23.0,7.0,12.505,28.998,15.042,23.045,10.662,6.771,2.977,Global North,,,,,,,117,Y,21.368,13.675,4.274,4.274,49.573,6.838
A2,"Planning, master plans & land-use regulation",0.546,0.354,198,2971.0,7730.0,3.05,4.95,1.62,1309.0,3642.0,1.65,337.0,4.36,1.523,1.75,169.0,4.64,1.243,250.0,3.234,1.462,120.0,3.295,54.0,26.0,12.0,6.0,5.456,38.698,20.182,8.982,11.884,6.871,7.927,Global North,,,,Y,,,100,Y,31.0,13.0,12.0,3.0,33.0,8.0
A3,"Housing, informality & slums",0.506,0.426,243,7424.0,14504.0,7.62,9.29,1.22,3207.0,6431.0,1.19,1944.0,13.403,4.683,0.74,938.0,14.586,3.907,1551.0,10.694,4.833,679.0,10.558,459.0,225.0,41.0,14.0,17.143,29.895,7.894,8.548,23.452,9.917,3.15,Global North,,Y,,,,,125,Y,37.6,12.8,12.8,4.8,28.8,3.2
A4,"Eviction, resettlement & displacement",0.516,0.496,201,1030.0,2475.0,1.06,1.58,1.49,424.0,1214.0,1.69,278.0,11.232,3.925,0.92,118.0,9.72,2.604,220.0,8.889,4.018,86.0,7.084,119.0,62.0,5.0,2.0,13.21,39.342,11.249,7.759,15.575,7.788,5.076,Global North,,,,,,,128,Y,30.469,9.375,7.031,3.125,50.0,0.0
A5,"Land, peri-urban & extended urbanisation",0.324,0.405,229,2750.0,6831.0,2.82,4.37,1.55,1443.0,3284.0,1.35,1029.0,15.064,5.264,1.04,502.0,15.286,4.095,825.0,12.077,5.459,380.0,11.571,170.0,89.0,65.0,30.0,17.09,18.899,15.28,12.0,26.042,8.614,2.074,Africa,,,,,,,126,Y,29.365,15.079,13.492,3.175,31.746,7.143
A6,"Small towns, census towns & secondary cities",0.314,0.435,202,731.0,1805.0,0.75,1.16,1.55,328.0,927.0,1.66,208.0,11.524,4.027,0.91,104.0,11.219,3.005,177.0,9.806,4.432,87.0,9.385,24.0,11.0,10.0,4.0,13.22,36.451,22.227,4.986,10.746,9.123,3.247,Global North,,,,,,,106,Y,25.472,18.868,15.094,1.887,30.189,8.491
A7,"Urban infrastructure (water, sanitation, energy) & infrastructural citizenship",0.405,0.465,195,1526.0,4087.0,1.57,2.62,1.67,973.0,2240.0,1.36,731.0,17.886,6.25,1.07,375.0,16.741,4.485,540.0,13.213,5.972,261.0,11.652,87.0,52.0,20.0,9.0,21.258,18.503,9.551,7.756,29.793,8.916,4.223,Africa,,,,,,,118,Y,38.983,8.475,11.864,5.932,33.051,1.695
A8,Mobility & transport (social science),0.597,0.435,261,1149.0,3620.0,1.18,2.32,1.97,663.0,2091.0,1.86,293.0,8.094,2.828,1.22,162.0,7.747,2.075,218.0,6.022,2.722,116.0,5.548,60.0,34.0,3.0,1.0,10.26,38.123,9.531,8.631,17.919,11.476,4.06,Global North,,,,,,,161,Y,29.193,13.665,22.981,6.211,22.981,4.969
A9,"Public space, publicness & the street",0.415,0.435,244,2781.0,6877.0,2.85,4.4,1.54,955.0,2594.0,1.61,333.0,4.842,1.692,1.23,125.0,4.819,1.291,262.0,3.81,1.722,96.0,3.701,65.0,26.0,5.0,3.0,6.004,44.124,12.42,8.26,8.745,13.05,7.398,Global North,,,,Y,,,181,Y,35.359,5.525,11.602,6.077,37.569,3.867
A10,"Urban economy, informal work & street vending",0.547,0.577,220,1336.0,3447.0,1.37,2.21,1.61,446.0,909.0,1.21,624.0,18.103,6.326,1.25,202.0,22.222,5.953,534.0,15.492,7.002,165.0,18.152,90.0,37.0,12.0,5.0,19.421,9.954,5.178,15.427,25.613,22.147,2.261,Africa,,,,,,,138,Y,25.362,15.217,26.087,3.623,29.71,0.0
A11,Migration & the city,0.628,0.516,222,1454.0,2835.0,1.49,1.82,1.22,716.0,1409.0,1.16,405.0,14.286,4.992,1.16,153.0,10.859,2.909,312.0,11.005,4.974,118.0,8.375,47.0,21.0,11.0,5.0,11.828,13.571,38.332,8.81,16.701,5.679,5.08,China & East Asia,,Y,,,,,126,Y,27.778,29.365,15.873,2.381,21.429,3.175
A12,"Gender, caste, class & the city",0.617,0.647,210,1022.0,2372.0,1.05,1.52,1.45,375.0,785.0,1.24,1312.0,55.312,19.328,1.17,456.0,58.089,15.561,1269.0,53.499,24.181,424.0,54.013,205.0,84.0,57.0,23.0,47.603,21.572,6.927,5.01,8.677,6.52,3.691,South Asia,,,,,,,136,Y,37.5,18.382,13.235,0.735,28.676,1.471
A13,"Heritage, mega-events & ""world-class"" city making",0.496,0.486,233,1866.0,3736.0,1.91,2.39,1.25,746.0,1464.0,1.16,208.0,5.567,1.945,0.79,74.0,5.055,1.354,182.0,4.872,2.202,63.0,4.303,100.0,44.0,3.0,1.0,6.897,38.224,19.466,9.069,7.345,9.621,9.379,Global North,,Y,,,,,132,Y,38.636,14.394,14.394,1.515,31.061,0.0
A14,"Urban environment, climate & risk",0.547,0.607,242,1514.0,6683.0,1.55,4.28,2.76,1016.0,4255.0,2.48,645.0,9.651,3.372,2.34,348.0,8.179,2.191,446.0,6.674,3.016,238.0,5.593,63.0,41.0,6.0,4.0,11.25,35.783,17.995,8.53,12.692,8.544,5.206,Global North,,,,,,,141,Y,20.567,12.057,9.929,11.348,36.17,9.929
A15,"Urban & planning theory, Southern urbanism",0.354,0.446,181,278.0,501.0,0.29,0.32,1.1,125.0,234.0,1.1,44.0,8.782,3.069,1.16,21.0,8.974,2.404,39.0,7.784,3.518,18.0,7.692,9.0,4.0,1.0,1.0,10.518,38.026,16.181,6.472,16.99,7.282,4.531,Global North,,,Y,,,,153,Y,32.68,0.0,2.614,1.307,62.745,0.654
A16,Night-time city & urban time,0.354,0.142,141,621.0,1382.0,0.64,0.88,1.38,283.0,580.0,1.21,39.0,2.822,0.986,1.42,14.0,2.414,0.647,35.0,2.533,1.145,11.0,1.897,6.0,3.0,1.0,0.0,2.704,50.444,11.618,6.802,11.322,9.717,7.393,Global North,,,,Y,,Y,79,Y,44.304,16.456,8.861,5.063,21.519,3.797
B1,Platforms & platform capitalism,0.433,0.314,210,310.0,6213.0,0.32,3.98,12.44,154.0,2035.0,7.8,290.0,4.668,1.631,19.67,76.0,3.735,1.0,246.0,3.959,1.79,66.0,3.243,9.0,3.0,3.0,1.0,8.079,39.765,17.877,13.401,8.488,6.96,5.431,Global North,Y,,,Y,Y,,140,Y,32.143,5.714,1.429,1.429,52.857,6.429
B2,"Datafication, data justice & data colonialism",0.414,0.306,178,230.0,1899.0,0.24,1.22,5.08,145.0,885.0,3.61,52.0,2.738,0.957,11.6,21.0,2.373,0.636,41.0,2.159,0.976,17.0,1.921,1.0,1.0,0.0,0.0,6.15,49.203,11.731,4.897,13.098,10.934,3.986,Global North,Y,,,Y,Y,,117,Y,33.333,5.128,6.838,0.855,43.59,10.256
B3,Surveillance studies,0.52,0.453,181,624.0,1701.0,0.64,1.09,1.7,314.0,699.0,1.32,179.0,10.523,3.677,3.67,51.0,7.296,1.955,144.0,8.466,3.826,44.0,6.295,9.0,3.0,2.0,1.0,11.748,48.791,12.816,5.34,8.881,5.902,6.521,Global North,,,,,,,125,Y,20.8,5.6,6.4,1.6,61.6,4.0
B4,Algorithmic governance & AI in the public sector,0.613,0.732,234,274.0,6001.0,0.28,3.84,13.71,149.0,1795.0,7.14,465.0,7.749,2.708,43.33,101.0,5.627,1.507,368.0,6.132,2.772,86.0,4.791,12.0,7.0,1.0,0.0,14.574,45.618,9.882,9.633,7.551,5.283,7.458,Global North,Y,,,,,,155,Y,16.129,10.323,5.806,6.452,40.645,20.645
B5,Digital identity & digital public infrastructure (DPI),0.355,0.474,231,195.0,994.0,0.2,0.64,3.2,81.0,256.0,1.89,523.0,52.616,18.385,2.04,131.0,51.172,13.708,524.0,52.716,23.827,130.0,50.781,28.0,13.0,5.0,0.0,55.574,15.641,4.326,9.235,8.569,3.161,3.494,South Asia,Y,,,,,,128,Y,33.594,14.062,7.031,3.906,40.625,0.781
B6,Digital finance & payments,0.722,0.734,236,2036.0,21371.0,2.09,13.68,6.55,616.0,4855.0,4.67,4363.0,20.416,7.134,2.35,867.0,17.858,4.784,3949.0,18.478,8.352,747.0,15.386,130.0,43.0,65.0,4.0,31.303,9.698,8.034,23.36,21.417,2.441,3.747,South Asia,Y,,,,,,132,Y,10.606,50.0,9.091,7.576,21.212,1.515
B7,Digital divides & digital inclusion,0.472,0.586,230,1600.0,14709.0,1.64,9.42,5.74,841.0,4961.0,3.49,2201.0,14.964,5.229,7.42,482.0,9.716,2.603,1859.0,12.639,5.712,374.0,7.539,67.0,21.0,23.0,4.0,21.599,26.053,11.117,12.512,16.251,8.309,4.159,Global North,Y,,,,,,131,Y,13.74,35.115,19.084,5.344,24.427,2.29
B8,"Social media, digital publics & political communication",0.661,0.599,294,2112.0,7893.0,2.17,5.05,2.33,973.0,2558.0,1.55,635.0,8.045,2.811,2.46,163.0,6.372,1.707,450.0,5.701,2.577,126.0,4.926,29.0,13.0,2.0,1.0,9.764,34.249,8.652,18.62,13.367,7.144,8.204,Global North,,,,,,,211,Y,31.28,22.749,9.005,4.265,27.014,5.687
B9,Misinformation & extreme speech,0.498,0.425,236,3468.0,29729.0,3.56,19.04,5.35,1669.0,13086.0,4.64,1198.0,4.03,1.408,7.04,441.0,3.37,0.903,836.0,2.812,1.271,316.0,2.415,38.0,20.0,12.0,6.0,8.297,44.323,8.597,11.578,12.576,8.444,6.186,Global North,Y,,,Y,Y,,150,Y,17.333,22.667,10.667,4.0,27.333,18.0
B10,"Cybercrime, fraud & cybersecurity (social science)",0.661,0.664,233,3130.0,21267.0,3.21,13.62,4.24,1257.0,5793.0,2.73,1477.0,6.945,2.427,4.17,223.0,3.849,1.031,1195.0,5.619,2.54,186.0,3.211,32.0,9.0,11.0,1.0,14.124,35.51,8.765,19.237,12.68,2.599,7.083,Global North,Y,,,,,,140,Y,17.143,25.0,5.0,7.143,42.143,3.571
B11,Digital labour,0.678,0.599,241,725.0,6466.0,0.74,4.14,5.59,301.0,2392.0,4.7,547.0,8.46,2.956,17.72,143.0,5.978,1.601,487.0,7.532,3.404,126.0,5.268,25.0,11.0,2.0,2.0,15.744,39.865,14.254,13.579,6.213,7.225,3.121,Global North,Y,,,,,,160,Y,31.25,12.5,14.375,4.375,33.125,4.375
B12,Infrastructure studies & STS of digital systems,0.358,0.314,154,128.0,987.0,0.13,0.63,4.85,91.0,505.0,3.26,57.0,5.775,2.018,5.29,24.0,4.752,1.273,44.0,4.458,2.015,16.0,3.168,3.0,2.0,0.0,0.0,7.826,41.366,17.391,7.826,14.658,6.211,4.72,Global North,Y,,,,,,113,Y,43.363,4.425,10.619,5.31,32.743,3.54
B13,Mobile phones & everyday digital life,0.348,0.357,205,1844.0,4313.0,1.89,2.76,1.46,1176.0,2480.0,1.25,1024.0,23.742,8.296,1.24,444.0,17.903,4.796,943.0,21.864,9.882,390.0,15.726,77.0,46.0,22.0,10.0,31.685,22.743,13.78,6.976,16.263,4.212,4.341,South Asia,,,,,,,139,Y,27.338,33.094,13.669,5.036,17.266,3.597
B14,Generative AI & society,0.63,0.509,189,20.0,38613.0,0.02,24.73,new,6.0,20854.0,new,684.0,1.771,0.619,,262.0,1.256,0.337,513.0,1.329,0.6,207.0,0.993,24.0,11.0,3.0,0.0,6.917,35.498,26.922,11.873,6.998,5.208,6.584,Global North,Y,,,Y,Y,,142,Y,10.563,23.239,7.746,12.676,24.648,21.127
C1,Smart cities & smart urbanism,0.426,0.473,243,1185.0,5399.0,1.22,3.46,2.84,751.0,2703.0,2.13,423.0,7.835,2.738,1.56,174.0,6.437,1.724,414.0,7.668,3.466,165.0,6.104,38.0,18.0,7.0,2.0,17.186,34.943,17.884,13.437,5.686,4.225,6.639,Global North,,,,,,,135,Y,32.593,15.556,8.889,10.37,25.926,6.667
C2,Platform urbanism,0.325,0.395,199,69.0,772.0,0.07,0.49,7.0,42.0,375.0,new,96.0,12.435,4.345,8.23,30.0,8.0,2.143,90.0,11.658,5.269,26.0,6.933,6.0,4.0,1.0,0.0,16.832,32.013,20.297,12.871,6.106,7.096,4.785,Global North,Y,,,,,,140,Y,25.714,19.286,12.143,6.429,32.143,4.286
C3,Digital geographies & code/space,0.286,0.314,88,123.0,179.0,0.13,0.11,0.85,69.0,112.0,0.97,3.0,1.676,0.586,0.8,2.0,1.786,0.478,3.0,1.676,0.758,2.0,1.786,0.0,0.0,0.0,0.0,5.085,60.169,13.559,4.237,5.085,6.78,5.085,Global North,,,Y,Y,,Y,60,Y,26.667,6.667,6.667,3.333,43.333,13.333
C4,Urban informatics & urban computing,0.432,0.237,131,366.0,1407.0,0.38,0.9,2.37,272.0,980.0,2.13,20.0,1.421,0.497,2.09,9.0,0.918,0.246,16.0,1.137,0.514,7.0,0.714,1.0,0.0,0.0,0.0,2.561,30.523,48.453,6.403,4.482,3.735,3.842,China & East Asia,,,,Y,,,87,Y,10.345,6.897,10.345,9.195,22.989,40.23
C5,Urban data governance & data justice in cities,0.338,0.232,120,79.0,478.0,0.08,0.31,3.88,52.0,214.0,2.46,18.0,3.766,1.316,4.56,6.0,2.804,0.751,15.0,3.138,1.418,5.0,2.336,1.0,0.0,0.0,0.0,5.155,42.268,18.299,11.598,9.794,7.474,5.412,Global North,Y,,,Y,Y,,84,Y,29.762,9.524,19.048,9.524,27.381,4.762
C6,"Urban surveillance, policing & biometrics in public space",0.267,0.326,136,222.0,924.0,0.23,0.59,2.57,108.0,368.0,2.02,88.0,9.524,3.328,3.77,27.0,7.337,1.965,77.0,8.333,3.767,22.0,5.978,5.0,2.0,1.0,0.0,13.992,40.878,13.992,10.837,8.642,6.722,4.938,Global North,,,,,,,93,Y,27.957,15.054,6.452,4.301,32.258,13.978
C7,"Algorithmic & automated urban governance, municipal AI / GenAI",0.393,0.264,138,40.0,957.0,0.04,0.61,new,32.0,428.0,new,53.0,5.538,1.935,2.38,28.0,6.542,1.753,49.0,5.12,2.314,26.0,6.075,3.0,1.0,1.0,0.0,10.806,34.677,21.29,10.645,11.29,5.161,6.129,Global North,Y,,,,,,111,Y,15.315,13.514,10.811,14.414,27.027,18.919
C8,City-level DPI & urban e-government,0.558,0.547,140,449.0,1633.0,0.46,1.05,2.28,181.0,367.0,1.2,125.0,7.655,2.675,1.33,34.0,9.264,2.482,105.0,6.43,2.906,27.0,7.357,9.0,4.0,4.0,1.0,12.016,24.688,11.622,31.976,9.324,4.465,5.909,Southeast Asia,,,,,,,89,Y,25.843,23.596,17.978,11.236,16.854,4.494
C9,"Digital mobility (ride-hailing, MaaS, digital ticketing, transit apps)",0.414,0.383,124,398.0,2217.0,0.41,1.42,3.46,317.0,1582.0,2.94,85.0,3.834,1.34,5.28,40.0,2.528,0.677,62.0,2.797,1.264,29.0,1.833,9.0,6.0,0.0,0.0,5.972,37.992,28.717,14.93,4.574,4.956,2.859,Global North,Y,,,Y,Y,,58,Y,17.241,41.379,12.069,5.172,20.69,3.448
C10,"Proptech, housing platforms & short-term rentals",0.554,0.364,158,786.0,2238.0,0.81,1.43,1.77,372.0,1133.0,1.8,25.0,1.117,0.39,1.68,8.0,0.706,0.189,22.0,0.983,0.444,7.0,0.618,1.0,0.0,0.0,0.0,2.343,63.104,11.933,7.54,4.612,6.955,3.514,Global North,,,,Y,,Y,99,Y,30.303,26.263,13.131,4.04,17.172,9.091
C11,"Digital payments in urban economies (QR, UPI, mobile money)",0.274,0.431,128,284.0,1407.0,0.29,0.9,3.1,50.0,194.0,2.33,798.0,56.716,19.818,5.84,99.0,51.031,13.671,807.0,57.356,25.924,94.0,48.454,26.0,9.0,13.0,1.0,55.398,4.331,3.749,27.408,6.206,1.939,0.97,South Asia,Y,,,,,,94,Y,15.957,44.681,20.213,2.128,13.83,3.191
C12,"Civic tech, e-participation & digital urban publics",0.304,0.23,92,89.0,291.0,0.09,0.19,2.11,55.0,117.0,1.27,14.0,4.811,1.681,6.0,4.0,3.419,0.916,10.0,3.436,1.553,3.0,2.564,1.0,0.0,1.0,0.0,5.769,48.462,11.154,10.385,9.231,8.846,6.154,Global North,,,,Y,,,70,Y,22.857,14.286,15.714,8.571,32.857,5.714
C13,"Digital twins, simulation & visual rendering of cities",0.551,0.376,168,266.0,2586.0,0.27,1.66,6.15,212.0,1667.0,4.67,39.0,1.508,0.527,6.21,16.0,0.96,0.257,36.0,1.392,0.629,14.0,0.84,3.0,2.0,0.0,0.0,4.288,49.708,19.883,9.259,4.581,3.704,8.577,Global North,Y,,,Y,Y,,126,Y,7.937,9.524,3.968,11.111,20.635,46.825
C14,"Digital informality (informal settlements, vendors & digital systems)",0.408,0.455,120,64.0,475.0,0.07,0.3,4.29,30.0,168.0,new,153.0,32.211,11.255,3.05,55.0,32.738,8.77,137.0,28.842,13.036,46.0,27.381,19.0,9.0,2.0,1.0,30.068,11.993,4.561,11.655,27.027,10.98,3.716,South Asia,Y,,,,,,88,Y,25.0,29.545,20.455,0.0,20.455,4.545
C15,Gig work in the city (urban and spatial focus),0.286,0.393,115,40.0,870.0,0.04,0.56,new,19.0,400.0,new,170.0,19.54,6.828,20.0,54.0,13.5,3.616,161.0,18.506,8.364,48.0,12.0,15.0,6.0,0.0,0.0,25.893,25.298,18.601,16.964,4.018,7.143,2.083,South Asia,Y,,,,,,97,Y,41.237,28.866,11.34,0.0,16.495,2.062
C16,"Digital heritage, mapping & representation of cities",0.385,0.391,139,108.0,444.0,0.11,0.28,2.55,72.0,271.0,2.23,21.0,4.73,1.653,1.92,11.0,4.059,1.087,15.0,3.378,1.527,7.0,2.583,2.0,1.0,0.0,0.0,6.04,41.834,13.423,8.277,13.423,12.081,4.922,Global North,,,,Y,,,103,Y,24.272,9.709,12.621,0.971,19.417,33.01
C17,Urban cybersecurity & cyber-physical infrastructure,0.345,0.44,125,84.0,1175.0,0.09,0.75,8.33,43.0,416.0,new,111.0,9.447,3.301,11.32,13.0,3.125,0.837,97.0,8.255,3.731,12.0,2.885,5.0,1.0,3.0,0.0,21.561,40.52,8.55,9.48,7.993,2.602,9.294,Global North,Y,,,,,,85,Y,22.353,14.118,5.882,8.235,35.294,14.118
C18,"Neighbourhood platforms & digital public space (WhatsApp, Nextdoor, RWA groups)",0.095,0.201,75,52.0,525.0,0.05,0.34,6.8,22.0,145.0,new,108.0,20.571,7.188,5.15,47.0,32.414,8.683,99.0,18.857,8.523,42.0,28.966,13.0,4.0,4.0,1.0,29.426,17.706,3.741,22.444,14.713,5.736,6.234,South Asia,Y,,,,,,52,Y,44.231,11.538,13.462,1.923,25.0,3.846
