title,year,first_author,venue,doi,url,places,pilot_theme
An Appraisal of the 100 Smart Cities' Mission in India: Lessons for the Post-Pandemic Urban Future,2025,,Journal of Urban Technology (T&F),10.1080/10630732.2025.2549672,https://www.tandfonline.com/doi/full/10.1080/10630732.2025.2549672,India,Smart city & digital governance
Command and control governance in the 100 smart cities mission in India: Urban innovation or utopias?,2025,,Applied Geography (ScienceDirect),,https://www.sciencedirect.com/science/article/abs/pii/S0143622825002619,India,Smart city & digital governance
"Smart Cities, Surveillance and Speed in Imphal, Manipur",2024,,South Asia: Journal of South Asian Studies,10.1080/00856401.2024.2381997,https://www.tandfonline.com/doi/full/10.1080/00856401.2024.2381997,Imphal,Smart city & digital governance
'Eyes and Ears': Surveillance in the Indian Smart City,,,Springer reference work,10.1007/978-3-030-15145-4_60-1,https://link.springer.com/rwe/10.1007/978-3-030-15145-4_60-1,India,Surveillance & security
Let's get digital: Exploring urban governance and management in India,2025,,Habitat International,,https://www.sciencedirect.com/science/article/abs/pii/S0197397525001353,India,Smart city & digital governance
"Smart Urbanization in India: Engagement, Participation, and Citizenship in Pune Smart City",,,Springer (book chapter),10.1007/978-981-97-7521-7_3,https://link.springer.com/chapter/10.1007/978-981-97-7521-7_3,Pune,Smart city & digital governance
Smart City Control Rooms: The Rewiring of Local Governance Landscapes in India,2026,Prakash,International Journal of Urban and Regional Research,10.1111/1468-2427.70025,https://onlinelibrary.wiley.com/doi/full/10.1111/1468-2427.70025,India,Smart city & digital governance
"Past, present and future of the Smart City in India: An institutional perspective",2023,,Cities,,https://www.sciencedirect.com/science/article/pii/S0264275123005875,India,Smart city & digital governance
Multiscalar Smart City Governance in India,2021,Prasad,Geoforum,10.1016/j.geoforum.2021.03.001,https://doi.org/10.1016/j.geoforum.2021.03.001,India,Smart city & digital governance
A Study Exploring the Status of Governance of Varanasi Smart City,2025,,"Space and Culture, India",10.20896/cm9mny91,https://doi.org/10.20896/cm9mny91,Varanasi,Smart city & digital governance
"Role of Technology in Smart Governance: 'Smart City, Safe City'",2013,Mishra,SSRN,10.2139/ssrn.2310465,https://doi.org/10.2139/ssrn.2310465,India,Surveillance & security
WebGIS map for smart city development and decision support system: Dehradun Smart City,2024,Kumar,Information System and Smart City,10.59400/issc1454,https://doi.org/10.59400/issc1454,Dehradun,Smart city & digital governance
"Fantasy visions, informal urbanization, and local conflict: an evolutionary perspective on smart city governance in India",2021,Parida,GeoJournal,10.1007/s10708-021-10521-3,https://doi.org/10.1007/s10708-021-10521-3,India,Smart city & digital governance
Why do smart city projects fail to create impact? Understanding decision-making in smart city policy implementation,2025,Prakash,Urban Governance,10.1016/j.ugj.2025.02.004,https://doi.org/10.1016/j.ugj.2025.02.004,Kochi,Smart city & digital governance
One Health Approach through interactive Urban Health Governance Framework in a Smart city,2018,Yasobant,Online Journal of Public Health Informatics,10.5210/ojphi.v10i1.8949,https://doi.org/10.5210/ojphi.v10i1.8949,Ahmedabad,Smart city & digital governance
Drivers and barriers to e-government adoption in Indian cities,2019,,Journal of Urban Management,,https://www.sciencedirect.com/science/article/pii/S2226585619300688,India,Smart city & digital governance
Digital public goods for urban governance: lessons from urban local bodies across India,2026,,CSI Transactions on ICT (Springer),10.1007/s40012-026-00427-1,https://link.springer.com/article/10.1007/s40012-026-00427-1,India,Smart city & digital governance
A citizen-centric approach to understand the effectiveness of e-government web portals: Empirical evidence from India,2022,"Singh, Kumar, Paliwal, Verma, Rajak",Information Polity,10.3233/IP-220001,https://journals.sagepub.com/doi/full/10.3233/IP-220001,India,Smart city & digital governance
Responding to information needs of the citizens through e-government portals and online services in India,2010,,International Information & Library Review,10.1080/10572317.2010.10762860,https://www.tandfonline.com/doi/abs/10.1080/10572317.2010.10762860,India,Smart city & digital governance
Dynamics of e-Governance in post COVID era: India,2021,Singh,Electronic Journal of Information Systems in Developing Countries,10.1002/isd2.12168,https://onlinelibrary.wiley.com/doi/full/10.1002/isd2.12168,India,Smart city & digital governance
Urban E-Governance: A Quest for Pro-citizen Conceptual Model,,,Springer (book chapter),10.1007/978-3-030-23796-7_19,https://link.springer.com/chapter/10.1007/978-3-030-23796-7_19,India,Smart city & digital governance
Gig Economy Workers' Livelihood: A Qualitative Study of Ride-Hailing Platforms in Bangalore City,2023,Radhakrishnan,Artha Vijnana,10.21648/opst6018,https://doi.org/10.21648/opst6018,Bengaluru,Platforms & gig economy
Problems and Probable Solutions of Platform Based Gig Workers: Andhra Pradesh,2025,Vindavam,Journal of Information Systems Engineering and Management,10.52783/jisem.v10i26s.4258,https://doi.org/10.52783/jisem.v10i26s.4258,Andhra Pradesh,Platforms & gig economy
"Gig Economy and Platform Workers in India: Working Conditions, Social Security and Legal Provisions",2025,Kumar,Research Review Journal of Social Science,10.31305/rrjss.2025.v05.n01.046,https://doi.org/10.31305/rrjss.2025.v05.n01.046,India,Platforms & gig economy
Labour Welfare and Social Security Concerns of Gig Workers in India,2026,R,International Journal of Science and Research,10.21275/sr26211233658,https://doi.org/10.21275/sr26211233658,India,Platforms & gig economy
Reconceptualizing Challenges and Opportunities for Gig Workers in India: A Conceptual Framework,2026,Pandey,Journal of Mountain Research,10.51220/jmr.v21-i1.19,https://doi.org/10.51220/jmr.v21-i1.19,India,Platforms & gig economy
A Sociological Study on Work Culture and Livelihood Pattern of Gig Workers in Chennai City,2025,Akilan,International Journal of Research and Innovation in Social Science,10.47772/ijriss.2025.91100014,https://doi.org/10.47772/ijriss.2025.91100014,Chennai,Platforms & gig economy
Gig Work and Economic Security: A Study on Platform Workers in Vijayawada City,2026,Narendra,EPRA International Journal of Economic and Business Review,10.36713/epra27530,https://doi.org/10.36713/epra27530,Vijayawada,Platforms & gig economy
Regulating Platform Work and Trust Outcomes among Urban Gig Workers in India,2026,Kumar,Revista de Cercetare si Interventie Sociala,10.33788/rcis.92.12,https://doi.org/10.33788/rcis.92.12,Bengaluru,Platforms & gig economy
Dislike and Survival: Work-Related Dynamics of Gig Platform Workers in India,2025,Malhotra,"New Technology, Work and Employment",10.1111/ntwe.12337,https://doi.org/10.1111/ntwe.12337,India,Platforms & gig economy
Committed But Not Connected: Platform-Based Job Design and Organizational Commitment Among Gig Workers in India,2026,Bansal,International Journal of Artificial Intelligence and Machine Learning,10.51483/ijaiml.6.11s.2026.300-314,https://doi.org/10.51483/ijaiml.6.11s.2026.300-314,India,Platforms & gig economy
"Opportunities and Challenges of Gig Economy from the Perception of Platform Workers, Chennai",2023,Shyamal,Quing: International Journal of Commerce and Management,10.54368/qijcm.3.1.0011,https://doi.org/10.54368/qijcm.3.1.0011,Chennai,Platforms & gig economy
Gig Economy in India: Long-Term Employability Among Gig Workers in Bengaluru,2026,Sirsikar,International Journal of Science Architecture Technology and Environment,10.63680/ijsate0426111.082,https://doi.org/10.63680/ijsate0426111.082,Bengaluru,Platforms & gig economy
Status of Gig Workers in India: Evidence from Ahmedabad City Post-COVID-19 Pandemic,2025,Ghatak,Review of Development and Change,10.1177/09722661251396653,https://doi.org/10.1177/09722661251396653,Ahmedabad,Platforms & gig economy
Caste out: How social hierarchy and exclusion affect gig workers in India,2024,Kain,The Sociological Review Magazine,10.51428/tsr.fqte1515,https://doi.org/10.51428/tsr.fqte1515,India,Platforms & gig economy
Gig Workers: Challenges and Legal Recognition in India,2024,,International Journal for Multidisciplinary Research,10.36948/ijfmr.2024.v06i02.15836,https://doi.org/10.36948/ijfmr.2024.v06i02.15836,India,Platforms & gig economy
Gig Workers in India - a Legal Perspective,2025,Talukdar,Advanced International Journal for Research,10.63363/aijfr.2025.v06i06.1776,https://doi.org/10.63363/aijfr.2025.v06i06.1776,India,Platforms & gig economy
"Platform Urbanism and Culinary Logistics: Mobility, Infrastructure, and Micro-Entrepreneurship in Post-Digital Kolkata",,,Springer (book chapter),10.1007/978-981-95-3873-7_11,https://link.springer.com/chapter/10.1007/978-981-95-3873-7_11,Kolkata,Platforms & gig economy
Freight patterns and spatial planning requirements of third generation E-commerce in Indian cities,2023,,"Urban, Planning and Transport Research",10.1080/21650020.2023.2256817,https://www.tandfonline.com/doi/full/10.1080/21650020.2023.2256817,India,Platforms & gig economy
Urban freight activity implications from emerging food industry establishments in an on-demand economy: Evidence from India,2025,,Research in Transportation Economics,,https://www.sciencedirect.com/science/article/abs/pii/S073988592500023X,India,Platforms & gig economy
Empowering Women Street Vendors: Assessing the Role of Unified Payments Interface in Advancing Financial Inclusion,,,Springer (book chapter),10.1007/978-3-032-00343-0_4,https://link.springer.com/chapter/10.1007/978-3-032-00343-0_4,India,Digital finance & payments
Does Unified Payment Interface (UPI) Contribute to Financial Inclusion? The Case of Construction Workers in Andhra Pradesh,,,Springer (book chapter),10.1007/978-981-97-6687-1_10,https://link.springer.com/chapter/10.1007/978-981-97-6687-1_10,Andhra Pradesh,Digital finance & payments
India's DPI Experiment and Digital Finance Revolution,,,Springer (book chapter),10.1007/978-3-032-02983-6_27,https://link.springer.com/chapter/10.1007/978-3-032-02983-6_27,India,Digital finance & payments
Street Vendors Using Smartphones for Digital Payments: Digital Opportunities and Inequalities From Kashmir,2025,"Mir, Wani",Journal of Asian and African Studies,10.1177/00219096231218437,https://journals.sagepub.com/doi/abs/10.1177/00219096231218437,Kashmir,Digital finance & payments
Evaluation of India's Unified Payments Interface (UPI) through a gender lens: the case study of Digital Budget Rani,2026,,CSI Transactions on ICT (Springer),10.1007/s40012-026-00429-z,https://link.springer.com/article/10.1007/s40012-026-00429-z,India,Digital finance & payments
The sound of progress: A case study on merchant adoption of UPI applications and soundboxes,2025,"Sharma, Chauhan",SAGE case journal,10.1177/20438869251325265,https://journals.sagepub.com/doi/10.1177/20438869251325265,India,Digital finance & payments
Digital Payment Systems and Business Development of Small and Petty Traders in India,,,Springer (book chapter),10.1007/978-3-031-70855-8_2,https://link.springer.com/chapter/10.1007/978-3-031-70855-8_2,India,Digital finance & payments
Penetration of UPI Payment Methods in Indian States: Metropolitan States Versus Other States,,,Springer (book chapter),10.1007/978-981-96-3355-5_44,https://link.springer.com/chapter/10.1007/978-981-96-3355-5_44,India,Digital finance & payments
"Grassroots authoritarianism: WhatsApp, middle-class boundary-making and pandemic governance in New Delhi's neighbourhoods",2023,,"Territory, Politics, Governance",10.1080/21622671.2022.2160372,https://www.tandfonline.com/doi/full/10.1080/21622671.2022.2160372,Delhi,Digital publics & social media
Enterprise Hindutva and social media in urban India,2018,,Contemporary South Asia,10.1080/09584935.2018.1545007,https://www.tandfonline.com/doi/full/10.1080/09584935.2018.1545007,India,Digital publics & social media
"No Room for Dissent: Domesticating WhatsApp, Digital Private Spaces, and Lived Democracy in India",2022,Williams,Antipode,10.1111/anti.12779,https://onlinelibrary.wiley.com/doi/abs/10.1111/anti.12779,India,Digital publics & social media
Political Posters Reveal a Tension in WhatsApp Platform Design: Digital Images From India's 2019 Elections,2022,Sahoo,Television & New Media,10.1177/15274764211052997,https://journals.sagepub.com/doi/10.1177/15274764211052997,India,Digital publics & social media
India Needs a Fresh Strategy to Tackle Online Extreme Speech,2019,,Economic & Political Weekly (Engage),,https://www.epw.in/engage/article/election-2019-india-needs-fresh-strategy-to-tackle-new-digital-tools,India,Digital publics & social media
'Millennial India': Global Digital Politics in Context,2019,,Television & New Media,10.1177/1527476419870516,https://journals.sagepub.com/doi/pdf/10.1177/1527476419870516,India,Digital publics & social media
"Transparency, exclusion and mediation: how digital and biometric technologies are transforming social protection in Tamil Nadu",2021,,Oxford Development Studies,10.1080/13600818.2021.1904866,https://www.tandfonline.com/doi/full/10.1080/13600818.2021.1904866,Tamil Nadu,Welfare technology & identity
"Aadhaar, Adivasis, and forced migration: Surveillance and exclusion of Gutti Koya in southern India",2026,"Tekumal, Narasimhan",Journal of Asian and African Studies,10.1177/00219096261447225,https://journals.sagepub.com/doi/10.1177/00219096261447225,Southern India,Welfare technology & identity
Digital Public Services: The Development of Biometric Authentication in India,,,Springer (book chapter),10.1007/978-3-030-86065-3_20,https://link.springer.com/chapter/10.1007/978-3-030-86065-3_20,India,Welfare technology & identity
Aadhaar: Governing with Biometrics,2019,,South Asia: Journal of South Asian Studies,10.1080/00856401.2019.1595343,https://www.tandfonline.com/doi/full/10.1080/00856401.2019.1595343,India,Welfare technology & identity
Biometric data's colonial imaginaries continue in Aadhaar's minimal data,2023,,Cambridge (journal article),,https://www.cambridge.org/core/services/aop-cambridge-core/content/view/2A70115E83C9C9D8CD440D683EF05287/S2058850X23000115a.pdf/biometric-datas-colonial-imaginaries-continue-in-aadhaars-minimal-data.pdf,India,Welfare technology & identity
Becoming data: biometric IDs and the individual in 'Digital India',2021,Nair,Journal of the Royal Anthropological Institute,10.1111/1467-9655.13478,https://rai.onlinelibrary.wiley.com/doi/10.1111/1467-9655.13478,India,Welfare technology & identity
"Biometric Bodies, Or How to Make Electronic Fingerprinting Work in India",2018,Rao,Body & Society,10.1177/1357034X18780983,https://journals.sagepub.com/doi/10.1177/1357034X18780983,India,Welfare technology & identity
Global research trajectories in the digital transformation of welfare governance and India's specific contribution from 2016 to 2025,2026,,Springer (journal article),10.1007/s44282-026-00542-z,https://link.springer.com/article/10.1007/s44282-026-00542-z,India / global,Welfare technology & identity
The Meantime of Development: Aspirational Technology and Future Making in India's Welfare Bureaucracy,2025,Rao,SAGE (journal article),10.1177/09717218251336316,https://journals.sagepub.com/doi/10.1177/09717218251336316,India,Welfare technology & identity
Smartphones for What? Everyday Smartphone Use and Institutional Non-Engagement among Emergent Users in India,2026,,Computer Supported Cooperative Work,10.1007/s10606-026-09546-4,https://link.springer.com/article/10.1007/s10606-026-09546-4,India,Digital divide & access
A Study on Mobile Phone Technology Adoption & Usage Among Urban Poor Women in Resettlement Sites,2024,"Rekha, Don Bosco, Van Eerd, Velayutham",Social Media + Society,10.1177/20563051241237271,https://journals.sagepub.com/doi/full/10.1177/20563051241237271,India,Digital divide & access
Rural-Urban Digital Divide: Evidence From Indian States,2026,Arora,International Journal of Finance & Economics,10.1002/ijfe.70045,https://onlinelibrary.wiley.com/doi/10.1002/ijfe.70045,India,Digital divide & access
Mobile and smartphone use in urban and rural India,2012,,Continuum,10.1080/10304312.2012.706458,https://www.tandfonline.com/doi/full/10.1080/10304312.2012.706458,India,Digital divide & access
Rural-urban digital divide in India: a decomposition analysis,2026,,Springer (journal article),10.1007/s40847-026-00500-0,https://link.springer.com/article/10.1007/s40847-026-00500-0,India,Digital divide & access
Navigating Technology: Mobile Media Usage and Reticence Among Older Adults in Rural India,2026,"Chakraborty, Garg",Mobile Media & Communication,10.1177/20501579251378548,https://journals.sagepub.com/doi/full/10.1177/20501579251378548,Rural India,Digital divide & access
Understanding Technology as Situated Practice: Everyday use of Voice User Interfaces Among Diverse Groups of Users in Urban India,2020,,Information Systems Frontiers,10.1007/s10796-020-10015-6,https://link.springer.com/article/10.1007/s10796-020-10015-6,Urban India,Digital divide & access
Explaining caste-based digital divide in India,2021,,Telematics and Informatics,,https://www.sciencedirect.com/science/article/abs/pii/S0736585321001581,India,Digital divide & access
Cyber fraud risks and the determinants of cybercrime reporting ability in India's cashless transition,2026,,Springer (journal article),10.1007/s44217-026-01918-8,https://link.springer.com/article/10.1007/s44217-026-01918-8,India,Cybercrime & fraud
Cyber-Financial (Cy-Fi) Fraud in India: A Case Study of COVID-19 Induced Cybercrime in Mewat Region,2026,"Kumar, Verma",Journal of Asian and African Studies,10.1177/00219096241300444,https://journals.sagepub.com/doi/10.1177/00219096241300444,Mewat (Haryana),Cybercrime & fraud
A Questionnaire Based Survey Analysis of Cyber Crime in Rural and Urban Areas,,,Springer (book chapter),10.1007/978-3-031-78949-6_24,https://link.springer.com/chapter/10.1007/978-3-031-78949-6_24,India,Cybercrime & fraud
Unveiling Cybercrime Patterns in Kerala: A Machine Learning Approach,,,Springer (book chapter),10.1007/978-981-96-7140-3_8,https://link.springer.com/chapter/10.1007/978-981-96-7140-3_8,Kerala,Cybercrime & fraud
"Cybercrime and cybersecurity in India: causes, consequences and implications for the future",2016,,"Crime, Law and Social Change",10.1007/s10611-016-9629-3,https://link.springer.com/article/10.1007/s10611-016-9629-3,India,Cybercrime & fraud
Cybercrime and Cybersecurity in India,,,Palgrave (book chapter),10.1057/9781137021946_5,https://link.springer.com/chapter/10.1057/9781137021946_5,India,Cybercrime & fraud
On the Delhi Metro: An Ethnographic View,2010,,Economic & Political Weekly,,https://www.epw.in/journal/2010/46/special-articles/delhi-metro-ethnographic-view.html,Delhi,Mobility & transport
The Moving City: Scenes from the Delhi Metro and the Social Life of Infrastructure,2024,,"East Asian Science, Technology and Society",10.1080/18752160.2024.2302712,https://www.tandfonline.com/doi/full/10.1080/18752160.2024.2302712,Delhi,Mobility & transport
Delhi on the Move: Urban Im/Mobilities in Contemporary Hindi Writings,,,Springer (book chapter),10.1007/978-3-031-42798-5_10,https://link.springer.com/chapter/10.1007/978-3-031-42798-5_10,Delhi,Mobility & transport
"Infrastructure of life: public address, listening and crowds in the Delhi metro and Kumbh",2022,Sawhney,"Media, Culture & Society",10.1177/01634437211037017,https://journals.sagepub.com/doi/10.1177/01634437211037017,Delhi,Mobility & transport
"Working Women, Delhi Metro and Covid-19: A Case Study in Delhi-NCR",2021,,Indian Journal of Labour Economics,10.1007/s41027-021-00313-1,https://link.springer.com/article/10.1007/s41027-021-00313-1,Delhi-NCR,Mobility & transport
Cycling as work: mobility and informality in Indian cities,2023,,ScienceDirect-indexed journal,,https://www.sciencedirect.com/org/science/article/pii/S1745010123000255,India,Mobility & transport
Easing Mumbai's Suburban Train Congestion,2019,,Economic & Political Weekly,,https://www.epw.in/journal/2019/34/perspectives/easing-mumbais-suburban-train-congestion.html,Mumbai,Mobility & transport
When transport becomes a destination: deaf spaces and networks on the Mumbai suburban trains,2017,,Journal of Cultural Geography,10.1080/08873631.2017.1305525,https://www.tandfonline.com/doi/full/10.1080/08873631.2017.1305525,Mumbai,Mobility & transport
"Mobility and transport infrastructure in Mumbai Metropolitan Region: growth, exclusion and modal choices",2023,,"Urban, Planning and Transport Research",10.1080/21650020.2023.2212745,https://www.tandfonline.com/doi/full/10.1080/21650020.2023.2212745,Mumbai MR,Mobility & transport
The Crisis of Public Transport in India: Overwhelming Needs but Limited Resources,2022,,Journal of Public Transportation,,https://www.sciencedirect.com/science/article/pii/S1077291X22003940,India,Mobility & transport
Autogestion and competing hierarchies: deaf and other perspectives on diversity and the right to occupy space in the Mumbai suburban trains,2016,,Social & Cultural Geography,10.1080/14649365.2016.1171387,https://www.tandfonline.com/doi/full/10.1080/14649365.2016.1171387,Mumbai,Mobility & transport
The Invisible Last Mile of Mumbai's Lifeline,2020,,Economic & Political Weekly,,https://www.epw.in/journal/2020/50/special-articles/invisible-last-mile-mumbais-lifeline.html,Mumbai,Mobility & transport
"Infrastructural Care: Repairing Railway Trains, Maintaining Mumbai's Lifeline",2023,,Ethnos,10.1080/00141844.2023.2260960,https://www.tandfonline.com/doi/abs/10.1080/00141844.2023.2260960,Mumbai,Mobility & transport
"Public Transport Subsidies and Affordability in Mumbai, India",2012,Cropper,Urban Studies Research,10.1155/2012/865972,https://onlinelibrary.wiley.com/doi/10.1155/2012/865972,Mumbai,Mobility & transport
Evaluating the emission reduction potential of first underground metro rail in Mumbai,,,Springer (journal article),10.1007/s43621-025-01994-0,https://link.springer.com/article/10.1007/s43621-025-01994-0,Mumbai,Mobility & transport
India's new globalization strategy and its consequences for urban development: the impact of the 2010 Commonwealth Games on Delhi's transport system,2015,,International Planning Studies,10.1080/13563475.2015.1114448,https://www.tandfonline.com/doi/abs/10.1080/13563475.2015.1114448,Delhi,Mobility & transport
Is fare-free urban transport a path to women's empowerment? Evidence from Delhi's pink pass policy,2026,,"Urban, Planning and Transport Research",10.1080/21650020.2026.2658212,https://www.tandfonline.com/doi/full/10.1080/21650020.2026.2658212,Delhi,Mobility & transport
Challenges and barriers for gender-inclusive public transport policies and practice in Delhi,2024,,Case Studies on Transport Policy,,https://www.sciencedirect.com/science/article/pii/S2213624X24000567,Delhi,Mobility & transport
Does free travel for women in public transportation make them more inclusive? An investigation of gendered subsidy initiative in India,2026,,Research in Transportation Economics,,https://www.sciencedirect.com/science/article/abs/pii/S0739885926000107,India,Mobility & transport
How do you travel? A holistic evaluation of public transport journeys of women: Delhi,2024,,Journal of Public Transportation,,https://www.sciencedirect.com/science/article/pii/S1077291X24000262,Delhi,Mobility & transport
Exploring the impact of women's free bus services on women's mobility and quality of life,2026,,Sustainable Transport and Livability,10.1080/29941849.2026.2712714,https://www.tandfonline.com/doi/full/10.1080/29941849.2026.2712714,India,Mobility & transport
Devising gender-responsive transport policies in South Asia,2022,,Gender & Development,10.1080/13552074.2022.2066266,https://www.tandfonline.com/doi/full/10.1080/13552074.2022.2066266,South Asia,Mobility & transport
Proportion and time of day as a starting point for gauging gender differences of public transport use in Delhi,2021,,Case Studies on Transport Policy,,https://www.sciencedirect.com/science/article/abs/pii/S2213624X21001814,Delhi,Mobility & transport
Gender Issues in the Public Transport System of India: Critical Review,,,Springer reference work,10.1007/978-3-031-17463-6_24,https://link.springer.com/rwe/10.1007/978-3-031-17463-6_24,India,Mobility & transport
"Which Sociodemographic, In-Vehicle and Transit-Stop Attributes Influence Indian Women Commuters' Safety and Security Perceptions of Public Transportation?",2026,"Ali, Sahu, Majumdar, Sharma, Lakhani",Transportation Research Record,10.1177/03611981251339176,https://journals.sagepub.com/doi/10.1177/03611981251339176,India,Mobility & transport
Private Space in Public Transport: Locating Gender in the Delhi Metro,2011,,Economic & Political Weekly,,https://www.epw.in/journal/2011/51/notes/private-space-public-transport-locating-gender-delhi-metro.html,Delhi,Gender & public space
Beyond Safety: Gendered Mobility in Karachi and Delhi,2023,,Anthropology Now,10.1080/19428200.2023.2230095,https://www.tandfonline.com/doi/abs/10.1080/19428200.2023.2230095,Delhi (+Karachi),Gender & public space
"Safe in the City? Negotiating safety, public space and the male gaze in Kolkata",2021,,Cities,,https://www.sciencedirect.com/science/article/pii/S0264275121002213,Kolkata,Gender & public space
Visibility matters: Constructing safe passages on the streets of Kolkata,2022,,Journal of Urban Affairs,10.1080/07352166.2022.2105224,https://www.tandfonline.com/doi/full/10.1080/07352166.2022.2105224,Kolkata,Gender & public space
How Do We Help Women Navigate Cities Designed by Men?,,,Economic & Political Weekly (Engage),,https://www.epw.in/engage/article/how-do-we-help-women-navigate-cities-designed-men,India,Gender & public space
Politics of presence: women's safety and respectability at night in Mumbai,2018,,"Gender, Place & Culture",10.1080/0966369X.2017.1400951,https://www.tandfonline.com/doi/full/10.1080/0966369X.2017.1400951,Mumbai,Gender & public space
What Has Urban Decentralization Meant? A Case Study of Delhi,2013,,Pacific Affairs,10.5509/2013864813,https://www.tandfonline.com/doi/abs/10.5509/2013864813,Delhi,"Neighbourhoods, RWAs & civil society"
Justice within the new factory gates: how to hold RWAs responsible for workers' welfare,,,International Journal of Law in Context,,https://www.cambridge.org/core/journals/international-journal-of-law-in-context/article/justice-within-the-new-factory-gates-how-to-hold-rwas-responsible-for-workers-welfare/EF079649026593E857757F1B49043154,India,"Neighbourhoods, RWAs & civil society"
Gentrifying the State (in Contesting the Indian City),,,Wiley (book chapter),10.1002/9781118295823.ch7,https://onlinelibrary.wiley.com/doi/abs/10.1002/9781118295823.ch7,India,"Neighbourhoods, RWAs & civil society"
Urban governance and health care provision in Delhi,2011,Tawa Lama-Rewal,Environment & Urbanization,10.1177/0956247811416433,https://journals.sagepub.com/doi/full/10.1177/0956247811416433,Delhi,"Neighbourhoods, RWAs & civil society"
"Decentralized governance or passing the buck: the case of resident welfare associations at resettlement sites, Ahmedabad",2016,"Mahadevia, Bhatia, Bhatt",Environment & Urbanization,10.1177/0956247815613688,https://journals.sagepub.com/doi/full/10.1177/0956247815613688,Ahmedabad,"Neighbourhoods, RWAs & civil society"
"Class, Property Rights and Citizenship: Affluent Informal Settlements and the Cultural Production of Property in Delhi",2026,Mishra,International Journal of Urban and Regional Research,10.1111/1468-2427.70002,https://onlinelibrary.wiley.com/doi/10.1111/1468-2427.70002,Delhi,"Housing, resettlement & informality"
Slum-free city planning versus durable slums. Insights from Delhi,2019,,International Journal of Urban Sustainable Development,10.1080/19463138.2019.1666850,https://www.tandfonline.com/doi/full/10.1080/19463138.2019.1666850,Delhi,"Housing, resettlement & informality"
"'This is no longer the city I once knew'. Evictions, the urban poor and the right to the city in Delhi",2009,,Environment & Urbanization,10.1177/0956247809103009,https://journals.sagepub.com/doi/pdf/10.1177/0956247809103009,Delhi,"Housing, resettlement & informality"
Urban Negotiations and Small-Scale Gentrification in a Delhi Resettlement Colony,,,Springer (book chapter),10.1007/978-81-322-2154-8_5,https://link.springer.com/chapter/10.1007/978-81-322-2154-8_5,Delhi,"Housing, resettlement & informality"
The making of a peripheral town in Delhi Metropolis through the displacement of Basti dwellers,2024,,City,10.1080/13604813.2024.2320520,https://www.tandfonline.com/doi/full/10.1080/13604813.2024.2320520,Delhi,"Housing, resettlement & informality"
'Propertied Ambiguity': Negotiating the State in a Delhi Resettlement Colony,,,Springer (book chapter),10.1007/978-81-322-2154-8_4,https://link.springer.com/chapter/10.1007/978-81-322-2154-8_4,Delhi,"Housing, resettlement & informality"
The Magicians' Ghetto: Moving Slums and Everyday Life in a Postcolonial City,2014,Kalyan,"Theory, Culture & Society",10.1177/0263276413492830,https://journals.sagepub.com/doi/10.1177/0263276413492830,India,"Housing, resettlement & informality"
Cosmopolitan imaginaries on the margins: negotiating difference and belonging in a Delhi resettlement colony,2014,,Contemporary South Asia,10.1080/09584935.2013.870976,https://www.tandfonline.com/doi/full/10.1080/09584935.2013.870976,Delhi,"Housing, resettlement & informality"
Making the Global City: Urban Citizenship at the Margins of Delhi,2010,,Ethnos,10.1080/00141844.2010.532227,https://www.tandfonline.com/doi/abs/10.1080/00141844.2010.532227,Delhi,"Housing, resettlement & informality"
A review of literature on slum redevelopment policies of India: Geographies of dispossessions and caste,2023,Hazarika,Geography Compass,10.1111/gec3.12690,https://compass.onlinelibrary.wiley.com/doi/abs/10.1111/gec3.12690,India,"Housing, resettlement & informality"
"Planned illegality, permanent temporariness, and strategic philanthropy: tenement towns under extended urbanisation of postmetropolitan Delhi",2021,,Housing Studies,10.1080/02673037.2021.1992359,https://www.tandfonline.com/doi/full/10.1080/02673037.2021.1992359,Delhi,"Housing, resettlement & informality"
"Unpacking the 'Unauthorized Colony': Policy, Planning and Everyday Lives",,,Springer (book chapter),10.1007/978-81-322-2154-8_8,https://link.springer.com/chapter/10.1007/978-81-322-2154-8_8,Delhi,"Housing, resettlement & informality"
"Housing, health and energy: a characterisation of risks and priorities across Delhi's diverse settlements",2020,,Cities & Health,10.1080/23748834.2020.1800161,https://www.tandfonline.com/doi/full/10.1080/23748834.2020.1800161,Delhi,"Housing, resettlement & informality"
Unlocking housing capital: semi-legal titles & informal credit in Delhi's unauthorised colonies,2025,,Review of Social Economy,10.1080/00346764.2025.2540103,https://www.tandfonline.com/doi/full/10.1080/00346764.2025.2540103,Delhi,"Housing, resettlement & informality"
Incipient Informality in Delhi's 'Formalized' Suburban Space,,,Springer (book chapter),10.1007/978-81-322-2154-8_6,https://link.springer.com/chapter/10.1007/978-81-322-2154-8_6,Delhi,"Housing, resettlement & informality"
Governing Gurgaon as a financial investment,2022,,City,10.1080/13604813.2022.2126198,https://www.tandfonline.com/doi/abs/10.1080/13604813.2022.2126198,Gurugram,"Land, peri-urban & private cities"
Who owns the city? Neoliberal urbanism and land purchases in Gurgaon,2024,"Bhagia, Bose",Urban Studies,10.1177/00420980231184784,https://journals.sagepub.com/doi/10.1177/00420980231184784,Gurugram,"Land, peri-urban & private cities"
"The Urban Village, Agrarian Transformation, and Rentier Capitalism in Gurgaon",2018,Cowan,Antipode,10.1111/anti.12404,https://onlinelibrary.wiley.com/doi/10.1111/anti.12404,Gurugram,"Land, peri-urban & private cities"
Post-liberal urban dynamics in India,2021,,ScienceDirect-indexed journal,,https://www.sciencedirect.com/science/article/abs/pii/S2352938521000409,India,"Land, peri-urban & private cities"
Cities in a world of villages: agrarian urbanism and the making of India's urbanizing frontiers,2019,,Urban Geography,10.1080/02723638.2019.1670569,https://www.tandfonline.com/doi/abs/10.1080/02723638.2019.1670569,India,"Land, peri-urban & private cities"
Thinking Through Urban Fragments: The Making of the Millennium City of Gurgaon,2025,,Annals of the American Association of Geographers,10.1080/24694452.2024.2447505,https://www.tandfonline.com/doi/abs/10.1080/24694452.2024.2447505,Gurugram,"Land, peri-urban & private cities"
"An analysis of land and property development models, and stakeholders: National Capital Region",2022,,Land Use Policy,,https://www.sciencedirect.com/science/article/abs/pii/S0264837722001375,NCR,"Land, peri-urban & private cities"
Planning the Millennium City: The politics of place-making in Gurgaon,2016,Goldstein,SAGE (journal article),10.1177/2233865916628798,https://journals.sagepub.com/doi/abs/10.1177/2233865916628798,Gurugram,"Land, peri-urban & private cities"
The Micro-Politics of Urban Transformation in the Context of Globalisation: Gurgaon,2012,,South Asia: Journal of South Asian Studies,10.1080/00856401.2012.739272,https://www.tandfonline.com/doi/abs/10.1080/00856401.2012.739272,Gurugram,"Land, peri-urban & private cities"
Sustainable Urban Management of the Mainstream and the Margin: Reflecting on Delhi and Its Peri-Urban Transformation,,,Springer (book chapter),10.1007/978-3-031-24767-5_6,https://link.springer.com/chapter/10.1007/978-3-031-24767-5_6,Delhi,"Land, peri-urban & private cities"
Negotiated urbanism: polychromatic encounters within the world-class restructuring of Delhi,2025,,SN Social Sciences,10.1007/s43545-025-01271-x,https://link.springer.com/article/10.1007/s43545-025-01271-x,Delhi,"Heritage, events & world-class city"
"The Tenth Delhi: economy, politics and space in the post-liberalisation metropolis",2017,,Decision (Springer),10.1007/s40622-017-0154-8,https://link.springer.com/article/10.1007/s40622-017-0154-8,Delhi,"Land, peri-urban & private cities"
Introduction: Reclaiming Small Towns (Subaltern Urbanisation in India),,,Springer (book chapter),10.1007/978-81-322-3616-0_1,https://link.springer.com/chapter/10.1007/978-81-322-3616-0_1,India,Small towns & census towns
The concept of planetary urbanization applied to India's rural to urban transformation,2022,,Habitat International,,https://www.sciencedirect.com/science/article/abs/pii/S0197397522001680,India,Small towns & census towns
Urbanisation as the rise of census towns in India: An outcome of traditional master planning?,2019,,Cities,,https://www.sciencedirect.com/science/article/abs/pii/S0264275119301271,India,Small towns & census towns
Unacknowledged Urbanisation: The New Census Towns in India,,,Springer (book chapter),10.1007/978-81-322-3616-0_2,https://link.springer.com/chapter/10.1007/978-81-322-3616-0_2,India,Small towns & census towns
Birth of Census Towns in India: An Economic Analysis,2020,"Chakrabarti, Mukherjee",SAGE (journal article),10.1177/2277978720961190,https://journals.sagepub.com/doi/10.1177/2277978720961190,India,Small towns & census towns
Shedding Light on Social and Economic Changes in Small Towns Through the Prism of Local Governance: A Case Study of Haryana,,,Springer (book chapter),10.1007/978-81-322-3616-0_14,https://link.springer.com/chapter/10.1007/978-81-322-3616-0_14,Haryana,Small towns & census towns
How to transform census towns into economic growth engines: an Indian (Pune) perspective,2024,,Asia-Pacific Journal of Regional Science,10.1007/s41685-024-00353-7,https://link.springer.com/article/10.1007/s41685-024-00353-7,Pune,Small towns & census towns
Shedding light on unnoticed gems in India: A small town's growth perspective,2022,,Land Use Policy,,https://www.sciencedirect.com/science/article/abs/pii/S0264837722002666,India,Small towns & census towns
Missing millions: undercounting urbanization in India,2019,,Population and Environment,10.1007/s11111-019-00329-2,https://link.springer.com/article/10.1007/s11111-019-00329-2,India,Small towns & census towns
Expanding urban discourse: a review on the need for comprehensive research on small towns and their unique roles,2026,,GeoJournal,10.1007/s10708-026-11663-y,https://link.springer.com/article/10.1007/s10708-026-11663-y,India / global,Small towns & census towns
"Growth of private reading spaces in Lucknow, India: A case study",2026,"Kumar, Kushwaha, Nigam, Balaji",IFLA Journal,10.1177/03400352251412906,https://journals.sagepub.com/doi/10.1177/03400352251412906,Lucknow,Knowledge access & libraries
Toward reforms: Revisiting public library legislation in Indian states,2026,"Kulkarni, Balaji, Dhanamjaya",IFLA Journal,,https://journals.sagepub.com/eprint/NGBCYHAEN9Q4AJJEKUDU/full,India,Knowledge access & libraries
Investing in Smart Cities: Enhancing Public Libraries for Quality Services in India,2024,,Public Library Quarterly,10.1080/01616846.2024.2318138,https://www.tandfonline.com/doi/full/10.1080/01616846.2024.2318138,India,Knowledge access & libraries
An Overview of Karnataka State's Digital Public Library Initiative,2023,"Holeyannavar, Latte",SAGE (journal article),10.18329/09757597/2023/16207,https://journals.sagepub.com/doi/abs/10.18329/09757597/2023/16207,Karnataka,Knowledge access & libraries
A Public Library as a Gateway for Social Work Community Practice: Kerala,2023,,Taylor & Francis (journal article),10.1080/24750158.2023.2271694,https://www.tandfonline.com/doi/full/10.1080/24750158.2023.2271694,Kerala,Knowledge access & libraries
From Cybermohalla to Trickster City: Writing from the margins of Delhi,2018,,Journal of Postcolonial Writing,10.1080/17449855.2018.1461978,https://www.tandfonline.com/doi/abs/10.1080/17449855.2018.1461978,Delhi,Knowledge access & libraries
"Waiting for the state: Gender, citizenship and everyday encounters with bureaucracy in India",2019,"Carswell, Chambers, De Neve",Environment and Planning C,10.1177/0263774X18802930,https://journals.sagepub.com/doi/10.1177/0263774X18802930,India,"Bureaucracy, waiting & documents"
Waiting for welfare: experiences of street traders from Delhi,2022,,European Journal of Social Work,10.1080/13691457.2022.2117136,https://www.tandfonline.com/doi/full/10.1080/13691457.2022.2117136,Delhi,"Bureaucracy, waiting & documents"
"Paperwork, patronage, and citizenship: the materiality of everyday interactions with bureaucracy in Tamil Nadu",2020,Carswell,Journal of the Royal Anthropological Institute,10.1111/1467-9655.13311,https://rai.onlinelibrary.wiley.com/doi/full/10.1111/1467-9655.13311,Tamil Nadu,"Bureaucracy, waiting & documents"
"Geographies of Waiting: Politics, Methods, and Praxis - A Case Study of Indian Railway Stations",2023,,Annals of the American Association of Geographers,10.1080/24694452.2023.2209140,https://www.tandfonline.com/doi/abs/10.1080/24694452.2023.2209140,India (railway stations),"Bureaucracy, waiting & documents"
"Paper Tiger: Law, Bureaucracy and the Developmental State in Himalayan India",2016,Mathur,Cambridge University Press (book),,https://www.cambridge.org/core/books/paper-tiger/EDFFF91DD2523770FE47FD049893E5D8,Uttarakhand,"Bureaucracy, waiting & documents"
Transparent-making Documents and the Crisis of Implementation: A Rural Employment Law and Development Bureaucracy in India,2012,Mathur,PoLAR: Political and Legal Anthropology Review,10.1111/j.1555-2934.2012.01197.x,https://anthrosource.onlinelibrary.wiley.com/doi/10.1111/j.1555-2934.2012.01197.x,India,"Bureaucracy, waiting & documents"
'Paused citizens': waiting and negotiating liminality in Assam,2024,,Citizenship Studies,10.1080/13621025.2024.2384374,https://www.tandfonline.com/doi/abs/10.1080/13621025.2024.2384374,Assam,"Bureaucracy, waiting & documents"
Dreaming Big: Spectacular Events and the 'World-Class' City: The Commonwealth Games in Delhi,,,Palgrave (book chapter),10.1057/9781137371188_12,https://link.springer.com/chapter/10.1057/9781137371188_12,Delhi,"Heritage, events & world-class city"
"Non-place, dispossession, and the 2010 Commonwealth Games: An urban transformation analyzed",2015,,"City, Culture and Society",,https://www.sciencedirect.com/science/article/abs/pii/S1877916615300059,Delhi,"Heritage, events & world-class city"
The Dream of Delhi as a Global City,2011,Dupont,International Journal of Urban and Regional Research,10.1111/j.1468-2427.2010.01027.x,https://onlinelibrary.wiley.com/doi/abs/10.1111/j.1468-2427.2010.01027.x,Delhi,"Heritage, events & world-class city"
Sites to sights: The construction of the 'monument' in modern Delhi,2025,,Modern Asian Studies,,https://www.cambridge.org/core/journals/modern-asian-studies/article/sites-to-sights-the-construction-of-the-monument-in-modern-delhi/AFE4146578D12FA17F56252F7AA673F5,Delhi,"Heritage, events & world-class city"
Delhi: New writings on the megacity,2018,,Journal of Postcolonial Writing,10.1080/17449855.2018.1461977,https://www.tandfonline.com/doi/full/10.1080/17449855.2018.1461977,Delhi,"Heritage, events & world-class city"
Navigating 'New' Delhi: Moving Between Difference and Belonging in a Globalising City,2010,,Journal of Intercultural Studies,10.1080/07256868.2010.513084,https://www.tandfonline.com/doi/full/10.1080/07256868.2010.513084,Delhi,"Heritage, events & world-class city"
Shahjahanabad: A Reality Envisioned,,,Springer (book chapter),10.1007/978-981-95-0117-5_12,https://link.springer.com/chapter/10.1007/978-981-95-0117-5_12,Delhi (Old Delhi),"Heritage, events & world-class city"
Rethinking Tourism Development: Sustainable Architectural Interventions in Shahjahanabad and Beyond,,,Springer (book chapter),10.1007/978-981-96-5794-0_11,https://link.springer.com/chapter/10.1007/978-981-96-5794-0_11,Delhi (Old Delhi),"Heritage, events & world-class city"
"Masjids, monuments and refugees in the Partition city of Delhi, 1947-1959",,,Urban History,,https://www.cambridge.org/core/journals/urban-history/article/masjids-monuments-and-refugees-in-the-partition-city-of-delhi-19471959/72CF91AB4678C508FE897F92284442B2,Delhi,"Heritage, events & world-class city"
"Delicious Delhi: nostalgia, consumption and the old city",2015,,Identities,10.1080/1070289X.2015.1034130,https://www.tandfonline.com/doi/full/10.1080/1070289X.2015.1034130,Delhi (Old Delhi),"Heritage, events & world-class city"
"Between tradition and towers: Westernization, architectural transformation, cultural resilience and the social fabric of Indian cities",2026,,ScienceDirect-indexed journal,,https://www.sciencedirect.com/science/article/pii/S3050607726000061,India,"Heritage, events & world-class city"
A National Policy for Street Vendors and Its Implication in Delhi,,,Springer (book chapter),10.1007/978-981-96-0931-4_15,https://link.springer.com/chapter/10.1007/978-981-96-0931-4_15,Delhi,Street vending & informal economy
Producing and contesting the formal/informal divide: Regulating street hawking in Delhi,2014,Schindler,Urban Studies,10.1177/0042098013510566,https://journals.sagepub.com/doi/10.1177/0042098013510566,Delhi,Street vending & informal economy
