ID,DOI,OpenAlex title,Crossref title,Crossref year,result
LM00313,10.14361/9783839459645-002,Platformized Cities and Urban Life,Platformized Cities and Urban Life,2022,match (sim 1.00)
LM00046,10.17645/up.v4i2.2049,"Women’s Safety and Public Spaces: Lessons from the Sabarmati Riverfront, India","Women’s Safety and Public Spaces: Lessons from the Sabarmati Riverfront, India",2019,match (sim 1.00)
LM00105,10.21005/pif.2023.56.c-06,"PRIVATISATION OF PUBLIC SPACE – CASE STUDY ZAGREB, CROATIA","PRIVATISATION OF PUBLIC SPACE – CASE STUDY ZAGREB, CROATIA",2023,match (sim 1.00)
LM00364,10.36948/ijfmr.2026.v08i05.88764,From Informal Labour to Digital Platforms: The Sustainability of Assam's Emerging Gig Economy,From Informal Labour to Digital Platforms: The Sustainability of Assam's Emerging Gig Economy,2026,match (sim 1.00)
LM00061,10.1080/13604810902726343,Dhaka and the contestation over the public space,Dhaka and the contestation over the public space,2009,match (sim 1.00)
LM00024,10.4324/9781315134352,The Public Realm,The Public Realm,2017,match (sim 1.00)
LM00216,10.36948/ijfmr.2026.v08i01.68524,The Architecture of Influence: India’s Digital Public Infrastructure and Its Significance,The Architecture of Influence: India’s Digital Public Infrastructure and Its Significance,2026,match (sim 1.00)
LM00150,10.1093/acprof:oso/9780198208457.001.0001,Nationality and Citizenship in Revolutionary France,Nationality and Citizenship in Revolutionary France,2000,match (sim 1.00)
LM00101,10.1007/978-981-99-1403-6_16,"Commoning and Territoriality in the Public Space “Plasma” of Historical Cities: Investigating Emplaced Network Dynamics in Bhaktapur, Kathmandu Valley, Nepal","Commoning and Territoriality in the Public Space “Plasma” of Historical Cities: Investigating Emplaced Network Dynamics in Bhaktapur, Kathmandu Valley, Nepal",2023,match (sim 1.00)
LM00219,10.1108/ijssp-02-2026-0198,"Digital identity, algorithmic-administrative governance and the transformation of social policy provisioning in Ghana: a political economy analysis of digitally mediated welfare systems","Digital identity, algorithmic-administrative governance and the transformation of social policy provisioning in Ghana: a political economy analysis of digitally mediated welfare systems",2026,match (sim 1.00)
LM00139,10.1080/1362102042000257005,"(Dis)qualified bodies: securitization, citizenship and ‘identity management’","(Dis)qualified bodies: securitization, citizenship and ‘identity management’",2004,match (sim 1.00)
LM00341,10.3390/land15010004,Platform Urbanism and Land-Use Transformation in Shanghai: Dual Neighborhood Impacts of E-Commerce Logistics in Relation to the 2017–2035 Master Plan,Platform Urbanism and Land-Use Transformation in Shanghai: Dual Neighborhood Impacts of E-Commerce Logistics in Relation to the 2017–2035 Master Plan,2025,match (sim 1.00)
LM00266,10.1177/1461444820913567,"Temporal arbitrage, fragmented rush, and opportunistic behaviors: The labor politics of time in the platform economy","Temporal arbitrage, fragmented rush, and opportunistic behaviors: The labor politics of time in the platform economy",2020,match (sim 1.00)
LM00005,10.1080/13574809808724418,"Making a city: Urbanity, vitality and urban design","Making a city: Urbanity, vitality and urban design",1998,match (sim 1.00)
LM00043,10.1111/j.1540-6040.2009.01299.x,"Guardians of the Bourgeois City: Citizenship, Public Space, and Middle–Class Activism in Mumbai","Guardians of the Bourgeois City: Citizenship, Public Space, and Middle–Class Activism in Mumbai",2009,match (sim 1.00)
LM00333,10.22541/au.173016226.67134443/v1,Social Media and Youth Activism in South Asia: Examining the Role of Digital Platforms in Social Movements in Bangladesh and India,Social Media and Youth Activism in South Asia: Examining the Role of Digital Platforms in Social Movements in Bangladesh and India,2024,match (sim 1.00)
LM00307,10.1080/02723638.2024.2359308,Digital platforms and the spatial transformation of urban villages in southern China: a case for platform-urban villagism?,Digital platforms and the spatial transformation of urban villages in southern China: a case for platform-urban villagism?,2024,match (sim 1.00)
LM00018,10.1080/14733280500352912,It all used to be better? Different generations on continuity and change in urban children's daily use of space,It all used to be better? Different generations on continuity and change in urban children's daily use of space,2005,match (sim 1.00)
LM00188,10.24908/ss.v19i1.14547,Aadhaar in a Box? Legitimizing Digital Identity in Times of Crisis,Aadhaar in a Box? Legitimizing Digital Identity in Times of Crisis,2021,match (sim 1.00)
LM00068,10.1007/978-81-322-3741-9_3,"Global Flows or Rural–Urban Connections? Temporality, Public Spaces and Heterotopias in Globalising Mumbai","Global Flows or Rural–Urban Connections? Temporality, Public Spaces and Heterotopias in Globalising Mumbai",2017,match (sim 1.00)
LM00368,10.5281/zenodo.19555052,Exploring the Socio - Economic Conditions of Gig Workers in Hyderabad,,,not found in Crossref
LM00089,10.38027/iccaua2024in0302,Assessing the Degree of Publicness in Streets,Assessing the Degree of Publicness in Streets,2024,match (sim 1.00)
LM00175,10.1080/14650045.2011.562944,"Uneven Borders, Coloured (Im)mobilities: ID Cards in Palestine/Israel","Uneven Borders, Coloured (Im)mobilities: ID Cards in Palestine/Israel",2012,match (sim 1.00)
LM00236,10.5281/zenodo.19879490,Biometrics and Surveillance as a Tool of Tracing Citizenship,,,not found in Crossref
LM00192,10.1002/isd2.12053,Explaining trust in large biometric infrastructures: A critical realist case study of India's Aadhaar project,Explaining trust in large biometric infrastructures: A critical realist case study of India's Aadhaar project,2018,match (sim 1.00)
