openalex_id,note
W2322671662,acoustic engineering of viaduct sections
W4409577856,flyover foundation (monopile) design and construction
W618799686,flyover construction method
W4254175805,tunnelling construction under metro and railway lines
W4410209476,underground station construction method
W4413863190,metro maintenance data engineering
W4415342084,metro operation and maintenance engineering
W2904728440,station building engineering (digital twin)
W2805451441,seismic liquefaction hazard of transport infrastructure
W2770201173,traffic impact of flyover construction works
W4379033394,phase-change materials in a waiting room (materials)
W2751459206,noise measurement at a railway station
W4406471979,platform noise dataset
W2010406831,off-topic: animal movement (tag from 'night')
W2004176804,off-topic: ozone transport (tag from 'night')
W2124190993,off-topic: plume chemistry (tag from 'night')
W7160266205,off-topic: microgrid operating hours
